DEBUG:selenium.webdriver.remote.remote_connection:POST http://localhost:52791/session/41b44a5610ace5aaf0bc95eec4350455/url {'url': 'https://www.manoloblahnik.com/int/women.html'}
DEBUG:urllib3.connectionpool:http://localhost:52791 "POST /session/41b44a5610ace5aaf0bc95eec4350455/url HTTP/1.1" 200 0
DEBUG:selenium.webdriver.remote.remote_connection:Remote response: status=200 | data={"value":null} | headers=HTTPHeaderDict({'Content-Length': '14', 'Content-Type': 'application/json; charset=utf-8', 'cache-control': 'no-cache'})
DEBUG:selenium.webdriver.remote.remote_connection:Finished Request
DEBUG:selenium.webdriver.remote.remote_connection:POST http://localhost:52791/session/41b44a5610ace5aaf0bc95eec4350455/element {'using': 'tag name', 'value': 'body'}
DEBUG:urllib3.connectionpool:http://localhost:52791 "POST /session/41b44a5610ace5aaf0bc95eec4350455/element HTTP/1.1" 200 0
DEBUG:selenium.webdriver.remote.remote_connection:Remote response: status=200 | data={"value":{"element-6066-11e4-a52e-4f735466cecf":"f.4743D8E8246FB32CFE843D863034F9D7.d.28946C1A83C8FA6B21D9E8A091B4EB82.e.5"}} | headers=HTTPHeaderDict({'Content-Length': '125', 'Content-Type': 'application/json; charset=utf-8', 'cache-control': 'no-cache'})
DEBUG:selenium.webdriver.remote.remote_connection:Finished Request
DEBUG:selenium.webdriver.remote.remote_connection:POST http://localhost:52791/session/41b44a5610ace5aaf0bc95eec4350455/element {'using': 'css selector', 'value': '[id="gle_selectedCountry"]'}
DEBUG:urllib3.connectionpool:http://localhost:52791 "POST /session/41b44a5610ace5aaf0bc95eec4350455/element HTTP/1.1" 200 0
DEBUG:selenium.webdriver.remote.remote_connection:Remote response: status=200 | data={"value":{"element-6066-11e4-a52e-4f735466cecf":"f.4743D8E8246FB32CFE843D863034F9D7.d.28946C1A83C8FA6B21D9E8A091B4EB82.e.4530"}} | headers=HTTPHeaderDict({'Content-Length': '128', 'Content-Type': 'application/json; charset=utf-8', 'cache-control': 'no-cache'})
DEBUG:selenium.webdriver.remote.remote_connection:Finished Request
DEBUG:selenium.webdriver.remote.remote_connection:POST http://localhost:52791/session/41b44a5610ace5aaf0bc95eec4350455/execute/sync {'script': '/* isDisplayed */return (function(){return (function(){var g=this||self;\nfunction aa(a){var b=typeof...', 'args': [{'element-6066-11e4-a52e-4f735466cecf': 'f.4743D8E8246FB32CFE843D863034F9D7.d.28946C1A83C8FA6B21D9E8A091B4EB82.e.4530'}]}
DEBUG:urllib3.connectionpool:http://localhost:52791 "POST /session/41b44a5610ace5aaf0bc95eec4350455/execute/sync HTTP/1.1" 200 0
DEBUG:selenium.webdriver.remote.remote_connection:Remote response: status=200 | data={"value":true} | headers=HTTPHeaderDict({'Content-Length': '14', 'Content-Type': 'application/json; charset=utf-8', 'cache-control': 'no-cache'})
DEBUG:selenium.webdriver.remote.remote_connection:Finished Request
DEBUG:selenium.webdriver.remote.remote_connection:GET http://localhost:52791/session/41b44a5610ace5aaf0bc95eec4350455/element/f.4743D8E8246FB32CFE843D863034F9D7.d.28946C1A83C8FA6B21D9E8A091B4EB82.e.4530/enabled {}
DEBUG:urllib3.connectionpool:http://localhost:52791 "GET /session/41b44a5610ace5aaf0bc95eec4350455/element/f.4743D8E8246FB32CFE843D863034F9D7.d.28946C1A83C8FA6B21D9E8A091B4EB82.e.4530/enabled HTTP/1.1" 200 0
DEBUG:selenium.webdriver.remote.remote_connection:Remote response: status=200 | data={"value":true} | headers=HTTPHeaderDict({'Content-Length': '14', 'Content-Type': 'application/json; charset=utf-8', 'cache-control': 'no-cache'})
DEBUG:selenium.webdriver.remote.remote_connection:Finished Request
DEBUG:selenium.webdriver.remote.remote_connection:POST http://localhost:52791/session/41b44a5610ace5aaf0bc95eec4350455/element {'using': 'xpath', 'value': '//*[@id="gle_selectedCountry"]'}
DEBUG:urllib3.connectionpool:http://localhost:52791 "POST /session/41b44a5610ace5aaf0bc95eec4350455/element HTTP/1.1" 200 0
DEBUG:selenium.webdriver.remote.remote_connection:Remote response: status=200 | data={"value":{"element-6066-11e4-a52e-4f735466cecf":"f.4743D8E8246FB32CFE843D863034F9D7.d.28946C1A83C8FA6B21D9E8A091B4EB82.e.4530"}} | headers=HTTPHeaderDict({'Content-Length': '128', 'Content-Type': 'application/json; charset=utf-8', 'cache-control': 'no-cache'})
DEBUG:selenium.webdriver.remote.remote_connection:Finished Request
DEBUG:selenium.webdriver.remote.remote_connection:POST http://localhost:52791/session/41b44a5610ace5aaf0bc95eec4350455/execute/sync {'script': '/* isDisplayed */return (function(){return (function(){var g=this||self;\nfunction aa(a){var b=typeof...', 'args': [{'element-6066-11e4-a52e-4f735466cecf': 'f.4743D8E8246FB32CFE843D863034F9D7.d.28946C1A83C8FA6B21D9E8A091B4EB82.e.4530'}]}
DEBUG:urllib3.connectionpool:http://localhost:52791 "POST /session/41b44a5610ace5aaf0bc95eec4350455/execute/sync HTTP/1.1" 200 0
DEBUG:selenium.webdriver.remote.remote_connection:Remote response: status=200 | data={"value":true} | headers=HTTPHeaderDict({'Content-Length': '14', 'Content-Type': 'application/json; charset=utf-8', 'cache-control': 'no-cache'})
DEBUG:selenium.webdriver.remote.remote_connection:Finished Request
DEBUG:selenium.webdriver.remote.remote_connection:GET http://localhost:52791/session/41b44a5610ace5aaf0bc95eec4350455/element/f.4743D8E8246FB32CFE843D863034F9D7.d.28946C1A83C8FA6B21D9E8A091B4EB82.e.4530/enabled {}
DEBUG:urllib3.connectionpool:http://localhost:52791 "GET /session/41b44a5610ace5aaf0bc95eec4350455/element/f.4743D8E8246FB32CFE843D863034F9D7.d.28946C1A83C8FA6B21D9E8A091B4EB82.e.4530/enabled HTTP/1.1" 200 0
DEBUG:selenium.webdriver.remote.remote_connection:Remote response: status=200 | data={"value":true} | headers=HTTPHeaderDict({'Content-Length': '14', 'Content-Type': 'application/json; charset=utf-8', 'cache-control': 'no-cache'})
DEBUG:selenium.webdriver.remote.remote_connection:Finished Request
DEBUG:selenium.webdriver.remote.remote_connection:POST http://localhost:52791/session/41b44a5610ace5aaf0bc95eec4350455/execute/sync {'script': 'arguments[0].scrollIntoView(true);', 'args': [{'element-6066-11e4-a52e-4f735466cecf': 'f.4743D8E8246FB32CFE843D863034F9D7.d.28946C1A83C8FA6B21D9E8A091B4EB82.e.4530'}]}
DEBUG:urllib3.connectionpool:http://localhost:52791 "POST /session/41b44a5610ace5aaf0bc95eec4350455/execute/sync HTTP/1.1" 200 0
DEBUG:selenium.webdriver.remote.remote_connection:Remote response: status=200 | data={"value":null} | headers=HTTPHeaderDict({'Content-Length': '14', 'Content-Type': 'application/json; charset=utf-8', 'cache-control': 'no-cache'})
DEBUG:selenium.webdriver.remote.remote_connection:Finished Request
DEBUG:selenium.webdriver.remote.remote_connection:POST http://localhost:52791/session/41b44a5610ace5aaf0bc95eec4350455/element/f.4743D8E8246FB32CFE843D863034F9D7.d.28946C1A83C8FA6B21D9E8A091B4EB82.e.4530/click {}
DEBUG:urllib3.connectionpool:http://localhost:52791 "POST /session/41b44a5610ace5aaf0bc95eec4350455/element/f.4743D8E8246FB32CFE843D863034F9D7.d.28946C1A83C8FA6B21D9E8A091B4EB82.e.4530/click HTTP/1.1" 200 0
DEBUG:selenium.webdriver.remote.remote_connection:Remote response: status=200 | data={"value":null} | headers=HTTPHeaderDict({'Content-Length': '14', 'Content-Type': 'application/json; charset=utf-8', 'cache-control': 'no-cache'})
DEBUG:selenium.webdriver.remote.remote_connection:Finished Request
DEBUG:selenium.webdriver.remote.remote_connection:POST http://localhost:52791/session/41b44a5610ace5aaf0bc95eec4350455/element {'using': 'xpath', 'value': '//*[@id="gle_selectedCountry"]/option[79]'}
DEBUG:urllib3.connectionpool:http://localhost:52791 "POST /session/41b44a5610ace5aaf0bc95eec4350455/element HTTP/1.1" 200 0
DEBUG:selenium.webdriver.remote.remote_connection:Remote response: status=200 | data={"value":{"element-6066-11e4-a52e-4f735466cecf":"f.4743D8E8246FB32CFE843D863034F9D7.d.28946C1A83C8FA6B21D9E8A091B4EB82.e.4609"}} | headers=HTTPHeaderDict({'Content-Length': '128', 'Content-Type': 'application/json; charset=utf-8', 'cache-control': 'no-cache'})
DEBUG:selenium.webdriver.remote.remote_connection:Finished Request
DEBUG:selenium.webdriver.remote.remote_connection:POST http://localhost:52791/session/41b44a5610ace5aaf0bc95eec4350455/execute/sync {'script': '/* isDisplayed */return (function(){return (function(){var g=this||self;\nfunction aa(a){var b=typeof...', 'args': [{'element-6066-11e4-a52e-4f735466cecf': 'f.4743D8E8246FB32CFE843D863034F9D7.d.28946C1A83C8FA6B21D9E8A091B4EB82.e.4609'}]}
DEBUG:urllib3.connectionpool:http://localhost:52791 "POST /session/41b44a5610ace5aaf0bc95eec4350455/execute/sync HTTP/1.1" 200 0
DEBUG:selenium.webdriver.remote.remote_connection:Remote response: status=200 | data={"value":true} | headers=HTTPHeaderDict({'Content-Length': '14', 'Content-Type': 'application/json; charset=utf-8', 'cache-control': 'no-cache'})
DEBUG:selenium.webdriver.remote.remote_connection:Finished Request
DEBUG:selenium.webdriver.remote.remote_connection:GET http://localhost:52791/session/41b44a5610ace5aaf0bc95eec4350455/element/f.4743D8E8246FB32CFE843D863034F9D7.d.28946C1A83C8FA6B21D9E8A091B4EB82.e.4609/enabled {}
DEBUG:urllib3.connectionpool:http://localhost:52791 "GET /session/41b44a5610ace5aaf0bc95eec4350455/element/f.4743D8E8246FB32CFE843D863034F9D7.d.28946C1A83C8FA6B21D9E8A091B4EB82.e.4609/enabled HTTP/1.1" 200 0
DEBUG:selenium.webdriver.remote.remote_connection:Remote response: status=200 | data={"value":true} | headers=HTTPHeaderDict({'Content-Length': '14', 'Content-Type': 'application/json; charset=utf-8', 'cache-control': 'no-cache'})
DEBUG:selenium.webdriver.remote.remote_connection:Finished Request
DEBUG:selenium.webdriver.remote.remote_connection:POST http://localhost:52791/session/41b44a5610ace5aaf0bc95eec4350455/execute/sync {'script': 'arguments[0].scrollIntoView(true);', 'args': [{'element-6066-11e4-a52e-4f735466cecf': 'f.4743D8E8246FB32CFE843D863034F9D7.d.28946C1A83C8FA6B21D9E8A091B4EB82.e.4609'}]}
DEBUG:urllib3.connectionpool:http://localhost:52791 "POST /session/41b44a5610ace5aaf0bc95eec4350455/execute/sync HTTP/1.1" 200 0
DEBUG:selenium.webdriver.remote.remote_connection:Remote response: status=200 | data={"value":null} | headers=HTTPHeaderDict({'Content-Length': '14', 'Content-Type': 'application/json; charset=utf-8', 'cache-control': 'no-cache'})
DEBUG:selenium.webdriver.remote.remote_connection:Finished Request
DEBUG:selenium.webdriver.remote.remote_connection:POST http://localhost:52791/session/41b44a5610ace5aaf0bc95eec4350455/element/f.4743D8E8246FB32CFE843D863034F9D7.d.28946C1A83C8FA6B21D9E8A091B4EB82.e.4609/click {}
DEBUG:urllib3.connectionpool:http://localhost:52791 "POST /session/41b44a5610ace5aaf0bc95eec4350455/element/f.4743D8E8246FB32CFE843D863034F9D7.d.28946C1A83C8FA6B21D9E8A091B4EB82.e.4609/click HTTP/1.1" 200 0
DEBUG:selenium.webdriver.remote.remote_connection:Remote response: status=200 | data={"value":null} | headers=HTTPHeaderDict({'Content-Length': '14', 'Content-Type': 'application/json; charset=utf-8', 'cache-control': 'no-cache'})
DEBUG:selenium.webdriver.remote.remote_connection:Finished Request
DEBUG:selenium.webdriver.remote.remote_connection:POST http://localhost:52791/session/41b44a5610ace5aaf0bc95eec4350455/element {'using': 'css selector', 'value': '.glDefaultBtn'}
DEBUG:urllib3.connectionpool:http://localhost:52791 "POST /session/41b44a5610ace5aaf0bc95eec4350455/element HTTP/1.1" 200 0
DEBUG:selenium.webdriver.remote.remote_connection:Remote response: status=200 | data={"value":{"element-6066-11e4-a52e-4f735466cecf":"f.4743D8E8246FB32CFE843D863034F9D7.d.28946C1A83C8FA6B21D9E8A091B4EB82.e.4783"}} | headers=HTTPHeaderDict({'Content-Length': '128', 'Content-Type': 'application/json; charset=utf-8', 'cache-control': 'no-cache'})
DEBUG:selenium.webdriver.remote.remote_connection:Finished Request
DEBUG:selenium.webdriver.remote.remote_connection:POST http://localhost:52791/session/41b44a5610ace5aaf0bc95eec4350455/execute/sync {'script': '/* isDisplayed */return (function(){return (function(){var g=this||self;\nfunction aa(a){var b=typeof...', 'args': [{'element-6066-11e4-a52e-4f735466cecf': 'f.4743D8E8246FB32CFE843D863034F9D7.d.28946C1A83C8FA6B21D9E8A091B4EB82.e.4783'}]}
DEBUG:urllib3.connectionpool:http://localhost:52791 "POST /session/41b44a5610ace5aaf0bc95eec4350455/execute/sync HTTP/1.1" 200 0
DEBUG:selenium.webdriver.remote.remote_connection:Remote response: status=200 | data={"value":true} | headers=HTTPHeaderDict({'Content-Length': '14', 'Content-Type': 'application/json; charset=utf-8', 'cache-control': 'no-cache'})
DEBUG:selenium.webdriver.remote.remote_connection:Finished Request
DEBUG:selenium.webdriver.remote.remote_connection:GET http://localhost:52791/session/41b44a5610ace5aaf0bc95eec4350455/element/f.4743D8E8246FB32CFE843D863034F9D7.d.28946C1A83C8FA6B21D9E8A091B4EB82.e.4783/enabled {}
DEBUG:urllib3.connectionpool:http://localhost:52791 "GET /session/41b44a5610ace5aaf0bc95eec4350455/element/f.4743D8E8246FB32CFE843D863034F9D7.d.28946C1A83C8FA6B21D9E8A091B4EB82.e.4783/enabled HTTP/1.1" 200 0
DEBUG:selenium.webdriver.remote.remote_connection:Remote response: status=200 | data={"value":true} | headers=HTTPHeaderDict({'Content-Length': '14', 'Content-Type': 'application/json; charset=utf-8', 'cache-control': 'no-cache'})
DEBUG:selenium.webdriver.remote.remote_connection:Finished Request
DEBUG:selenium.webdriver.remote.remote_connection:POST http://localhost:52791/session/41b44a5610ace5aaf0bc95eec4350455/element {'using': 'xpath', 'value': '//*[@id="globale_csc_popup"]/div/div/div/div/div[3]/input[1]'}
DEBUG:urllib3.connectionpool:http://localhost:52791 "POST /session/41b44a5610ace5aaf0bc95eec4350455/element HTTP/1.1" 200 0
DEBUG:selenium.webdriver.remote.remote_connection:Remote response: status=200 | data={"value":{"element-6066-11e4-a52e-4f735466cecf":"f.4743D8E8246FB32CFE843D863034F9D7.d.28946C1A83C8FA6B21D9E8A091B4EB82.e.4783"}} | headers=HTTPHeaderDict({'Content-Length': '128', 'Content-Type': 'application/json; charset=utf-8', 'cache-control': 'no-cache'})
DEBUG:selenium.webdriver.remote.remote_connection:Finished Request
DEBUG:selenium.webdriver.remote.remote_connection:POST http://localhost:52791/session/41b44a5610ace5aaf0bc95eec4350455/execute/sync {'script': '/* isDisplayed */return (function(){return (function(){var g=this||self;\nfunction aa(a){var b=typeof...', 'args': [{'element-6066-11e4-a52e-4f735466cecf': 'f.4743D8E8246FB32CFE843D863034F9D7.d.28946C1A83C8FA6B21D9E8A091B4EB82.e.4783'}]}
DEBUG:urllib3.connectionpool:http://localhost:52791 "POST /session/41b44a5610ace5aaf0bc95eec4350455/execute/sync HTTP/1.1" 200 0
DEBUG:selenium.webdriver.remote.remote_connection:Remote response: status=200 | data={"value":true} | headers=HTTPHeaderDict({'Content-Length': '14', 'Content-Type': 'application/json; charset=utf-8', 'cache-control': 'no-cache'})
DEBUG:selenium.webdriver.remote.remote_connection:Finished Request
DEBUG:selenium.webdriver.remote.remote_connection:GET http://localhost:52791/session/41b44a5610ace5aaf0bc95eec4350455/element/f.4743D8E8246FB32CFE843D863034F9D7.d.28946C1A83C8FA6B21D9E8A091B4EB82.e.4783/enabled {}
DEBUG:urllib3.connectionpool:http://localhost:52791 "GET /session/41b44a5610ace5aaf0bc95eec4350455/element/f.4743D8E8246FB32CFE843D863034F9D7.d.28946C1A83C8FA6B21D9E8A091B4EB82.e.4783/enabled HTTP/1.1" 200 0
DEBUG:selenium.webdriver.remote.remote_connection:Remote response: status=200 | data={"value":true} | headers=HTTPHeaderDict({'Content-Length': '14', 'Content-Type': 'application/json; charset=utf-8', 'cache-control': 'no-cache'})
DEBUG:selenium.webdriver.remote.remote_connection:Finished Request
DEBUG:selenium.webdriver.remote.remote_connection:POST http://localhost:52791/session/41b44a5610ace5aaf0bc95eec4350455/execute/sync {'script': 'arguments[0].scrollIntoView(true);', 'args': [{'element-6066-11e4-a52e-4f735466cecf': 'f.4743D8E8246FB32CFE843D863034F9D7.d.28946C1A83C8FA6B21D9E8A091B4EB82.e.4783'}]}
DEBUG:urllib3.connectionpool:http://localhost:52791 "POST /session/41b44a5610ace5aaf0bc95eec4350455/execute/sync HTTP/1.1" 200 0
DEBUG:selenium.webdriver.remote.remote_connection:Remote response: status=200 | data={"value":null} | headers=HTTPHeaderDict({'Content-Length': '14', 'Content-Type': 'application/json; charset=utf-8', 'cache-control': 'no-cache'})
DEBUG:selenium.webdriver.remote.remote_connection:Finished Request
DEBUG:selenium.webdriver.remote.remote_connection:POST http://localhost:52791/session/41b44a5610ace5aaf0bc95eec4350455/element/f.4743D8E8246FB32CFE843D863034F9D7.d.28946C1A83C8FA6B21D9E8A091B4EB82.e.4783/click {}
DEBUG:urllib3.connectionpool:http://localhost:52791 "POST /session/41b44a5610ace5aaf0bc95eec4350455/element/f.4743D8E8246FB32CFE843D863034F9D7.d.28946C1A83C8FA6B21D9E8A091B4EB82.e.4783/click HTTP/1.1" 200 0
DEBUG:selenium.webdriver.remote.remote_connection:Remote response: status=200 | data={"value":null} | headers=HTTPHeaderDict({'Content-Length': '14', 'Content-Type': 'application/json; charset=utf-8', 'cache-control': 'no-cache'})
DEBUG:selenium.webdriver.remote.remote_connection:Finished Request
DEBUG:selenium.webdriver.remote.remote_connection:POST http://localhost:52791/session/41b44a5610ace5aaf0bc95eec4350455/element {'using': 'xpath', 'value': '//button[contains(text(), "Reject all")]'}
DEBUG:urllib3.connectionpool:http://localhost:52791 "POST /session/41b44a5610ace5aaf0bc95eec4350455/element HTTP/1.1" 200 0
DEBUG:selenium.webdriver.remote.remote_connection:Remote response: status=200 | data={"value":{"element-6066-11e4-a52e-4f735466cecf":"f.4743D8E8246FB32CFE843D863034F9D7.d.E997FA675F7B6165E98C0CEC5A1CD454.e.5760"}} | headers=HTTPHeaderDict({'Content-Length': '128', 'Content-Type': 'application/json; charset=utf-8', 'cache-control': 'no-cache'})
DEBUG:selenium.webdriver.remote.remote_connection:Finished Request
DEBUG:selenium.webdriver.remote.remote_connection:POST http://localhost:52791/session/41b44a5610ace5aaf0bc95eec4350455/execute/sync {'script': '/* isDisplayed */return (function(){return (function(){var g=this||self;\nfunction aa(a){var b=typeof...', 'args': [{'element-6066-11e4-a52e-4f735466cecf': 'f.4743D8E8246FB32CFE843D863034F9D7.d.E997FA675F7B6165E98C0CEC5A1CD454.e.5760'}]}
DEBUG:urllib3.connectionpool:http://localhost:52791 "POST /session/41b44a5610ace5aaf0bc95eec4350455/execute/sync HTTP/1.1" 200 0
DEBUG:selenium.webdriver.remote.remote_connection:Remote response: status=200 | data={"value":true} | headers=HTTPHeaderDict({'Content-Length': '14', 'Content-Type': 'application/json; charset=utf-8', 'cache-control': 'no-cache'})
DEBUG:selenium.webdriver.remote.remote_connection:Finished Request
DEBUG:selenium.webdriver.remote.remote_connection:GET http://localhost:52791/session/41b44a5610ace5aaf0bc95eec4350455/element/f.4743D8E8246FB32CFE843D863034F9D7.d.E997FA675F7B6165E98C0CEC5A1CD454.e.5760/enabled {}
DEBUG:urllib3.connectionpool:http://localhost:52791 "GET /session/41b44a5610ace5aaf0bc95eec4350455/element/f.4743D8E8246FB32CFE843D863034F9D7.d.E997FA675F7B6165E98C0CEC5A1CD454.e.5760/enabled HTTP/1.1" 200 0
DEBUG:selenium.webdriver.remote.remote_connection:Remote response: status=200 | data={"value":true} | headers=HTTPHeaderDict({'Content-Length': '14', 'Content-Type': 'application/json; charset=utf-8', 'cache-control': 'no-cache'})
DEBUG:selenium.webdriver.remote.remote_connection:Finished Request
DEBUG:selenium.webdriver.remote.remote_connection:POST http://localhost:52791/session/41b44a5610ace5aaf0bc95eec4350455/element {'using': 'css selector', 'value': '.button.text-xs.lg\\:w\\[170px\\]'}
DEBUG:urllib3.connectionpool:http://localhost:52791 "POST /session/41b44a5610ace5aaf0bc95eec4350455/element HTTP/1.1" 404 0
DEBUG:selenium.webdriver.remote.remote_connection:Remote response: status=404 | data={"value":{"error":"no such element","message":"no such element: Unable to locate element: {\"method\":\"css selector\",\"selector\":\".button.text-xs.lg\\:w\\[170px\\]\"}\n  (Session info: chrome=131.0.6778.205)","stacktrace":"0   chromedriver                        0x0000000100ea3184 cxxbridge1$str$ptr + 3626716\n1   chromedriver                        0x0000000100e9b9d4 cxxbridge1$str$ptr + 3596076\n2   chromedriver                        0x0000000100908968 cxxbridge1$string$len + 89228\n3   chromedriver                        0x000000010094cd50 cxxbridge1$string$len + 368756\n4   chromedriver                        0x00000001009865b4 cxxbridge1$string$len + 604376\n5   chromedriver                        0x0000000100941568 cxxbridge1$string$len + 321676\n6   chromedriver                        0x00000001009421b8 cxxbridge1$string$len + 324828\n7   chromedriver                        0x0000000100e6e9ac cxxbridge1$str$ptr + 3411716\n8   chromedriver                        0x0000000100e71ccc cxxbridge1$str$ptr + 3424804\n9   chromedriver                        0x0000000100e5586c cxxbridge1$str$ptr + 3308996\n10  chromedriver                        0x0000000100e7258c cxxbridge1$str$ptr + 3427044\n11  chromedriver                        0x0000000100e4709c cxxbridge1$str$ptr + 3249652\n12  chromedriver                        0x0000000100e8c4b8 cxxbridge1$str$ptr + 3533328\n13  chromedriver                        0x0000000100e8c634 cxxbridge1$str$ptr + 3533708\n14  chromedriver                        0x0000000100e9b648 cxxbridge1$str$ptr + 3595168\n15  libsystem_pthread.dylib             0x000000018893ef94 _pthread_start + 136\n16  libsystem_pthread.dylib             0x0000000188939d34 thread_start + 8\n"}} | headers=HTTPHeaderDict({'Content-Length': '1732', 'Content-Type': 'application/json; charset=utf-8', 'cache-control': 'no-cache'})
DEBUG:selenium.webdriver.remote.remote_connection:Finished Request
DEBUG:selenium.webdriver.remote.remote_connection:POST http://localhost:52791/session/41b44a5610ace5aaf0bc95eec4350455/element {'using': 'css selector', 'value': '.button.text-xs.lg\\:w\\[170px\\]'}
DEBUG:urllib3.connectionpool:http://localhost:52791 "POST /session/41b44a5610ace5aaf0bc95eec4350455/element HTTP/1.1" 404 0
DEBUG:selenium.webdriver.remote.remote_connection:Remote response: status=404 | data={"value":{"error":"no such element","message":"no such element: Unable to locate element: {\"method\":\"css selector\",\"selector\":\".button.text-xs.lg\\:w\\[170px\\]\"}\n  (Session info: chrome=131.0.6778.205)","stacktrace":"0   chromedriver                        0x0000000100ea3184 cxxbridge1$str$ptr + 3626716\n1   chromedriver                        0x0000000100e9b9d4 cxxbridge1$str$ptr + 3596076\n2   chromedriver                        0x0000000100908968 cxxbridge1$string$len + 89228\n3   chromedriver                        0x000000010094cd50 cxxbridge1$string$len + 368756\n4   chromedriver                        0x00000001009865b4 cxxbridge1$string$len + 604376\n5   chromedriver                        0x0000000100941568 cxxbridge1$string$len + 321676\n6   chromedriver                        0x00000001009421b8 cxxbridge1$string$len + 324828\n7   chromedriver                        0x0000000100e6e9ac cxxbridge1$str$ptr + 3411716\n8   chromedriver                        0x0000000100e71ccc cxxbridge1$str$ptr + 3424804\n9   chromedriver                        0x0000000100e5586c cxxbridge1$str$ptr + 3308996\n10  chromedriver                        0x0000000100e7258c cxxbridge1$str$ptr + 3427044\n11  chromedriver                        0x0000000100e4709c cxxbridge1$str$ptr + 3249652\n12  chromedriver                        0x0000000100e8c4b8 cxxbridge1$str$ptr + 3533328\n13  chromedriver                        0x0000000100e8c634 cxxbridge1$str$ptr + 3533708\n14  chromedriver                        0x0000000100e9b648 cxxbridge1$str$ptr + 3595168\n15  libsystem_pthread.dylib             0x000000018893ef94 _pthread_start + 136\n16  libsystem_pthread.dylib             0x0000000188939d34 thread_start + 8\n"}} | headers=HTTPHeaderDict({'Content-Length': '1732', 'Content-Type': 'application/json; charset=utf-8', 'cache-control': 'no-cache'})
DEBUG:selenium.webdriver.remote.remote_connection:Finished Request
DEBUG:selenium.webdriver.remote.remote_connection:POST http://localhost:52791/session/41b44a5610ace5aaf0bc95eec4350455/element {'using': 'css selector', 'value': '.button.text-xs.lg\\:w\\[170px\\]'}
DEBUG:urllib3.connectionpool:http://localhost:52791 "POST /session/41b44a5610ace5aaf0bc95eec4350455/element HTTP/1.1" 404 0
DEBUG:selenium.webdriver.remote.remote_connection:Remote response: status=404 | data={"value":{"error":"no such element","message":"no such element: Unable to locate element: {\"method\":\"css selector\",\"selector\":\".button.text-xs.lg\\:w\\[170px\\]\"}\n  (Session info: chrome=131.0.6778.205)","stacktrace":"0   chromedriver                        0x0000000100ea3184 cxxbridge1$str$ptr + 3626716\n1   chromedriver                        0x0000000100e9b9d4 cxxbridge1$str$ptr + 3596076\n2   chromedriver                        0x0000000100908968 cxxbridge1$string$len + 89228\n3   chromedriver                        0x000000010094cd50 cxxbridge1$string$len + 368756\n4   chromedriver                        0x00000001009865b4 cxxbridge1$string$len + 604376\n5   chromedriver                        0x0000000100941568 cxxbridge1$string$len + 321676\n6   chromedriver                        0x00000001009421b8 cxxbridge1$string$len + 324828\n7   chromedriver                        0x0000000100e6e9ac cxxbridge1$str$ptr + 3411716\n8   chromedriver                        0x0000000100e71ccc cxxbridge1$str$ptr + 3424804\n9   chromedriver                        0x0000000100e5586c cxxbridge1$str$ptr + 3308996\n10  chromedriver                        0x0000000100e7258c cxxbridge1$str$ptr + 3427044\n11  chromedriver                        0x0000000100e4709c cxxbridge1$str$ptr + 3249652\n12  chromedriver                        0x0000000100e8c4b8 cxxbridge1$str$ptr + 3533328\n13  chromedriver                        0x0000000100e8c634 cxxbridge1$str$ptr + 3533708\n14  chromedriver                        0x0000000100e9b648 cxxbridge1$str$ptr + 3595168\n15  libsystem_pthread.dylib             0x000000018893ef94 _pthread_start + 136\n16  libsystem_pthread.dylib             0x0000000188939d34 thread_start + 8\n"}} | headers=HTTPHeaderDict({'Content-Length': '1732', 'Content-Type': 'application/json; charset=utf-8', 'cache-control': 'no-cache'})
DEBUG:selenium.webdriver.remote.remote_connection:Finished Request
DEBUG:selenium.webdriver.remote.remote_connection:POST http://localhost:52791/session/41b44a5610ace5aaf0bc95eec4350455/element {'using': 'css selector', 'value': '.button.text-xs.lg\\:w\\[170px\\]'}
DEBUG:urllib3.connectionpool:http://localhost:52791 "POST /session/41b44a5610ace5aaf0bc95eec4350455/element HTTP/1.1" 404 0
DEBUG:selenium.webdriver.remote.remote_connection:Remote response: status=404 | data={"value":{"error":"no such element","message":"no such element: Unable to locate element: {\"method\":\"css selector\",\"selector\":\".button.text-xs.lg\\:w\\[170px\\]\"}\n  (Session info: chrome=131.0.6778.205)","stacktrace":"0   chromedriver                        0x0000000100ea3184 cxxbridge1$str$ptr + 3626716\n1   chromedriver                        0x0000000100e9b9d4 cxxbridge1$str$ptr + 3596076\n2   chromedriver                        0x0000000100908968 cxxbridge1$string$len + 89228\n3   chromedriver                        0x000000010094cd50 cxxbridge1$string$len + 368756\n4   chromedriver                        0x00000001009865b4 cxxbridge1$string$len + 604376\n5   chromedriver                        0x0000000100941568 cxxbridge1$string$len + 321676\n6   chromedriver                        0x00000001009421b8 cxxbridge1$string$len + 324828\n7   chromedriver                        0x0000000100e6e9ac cxxbridge1$str$ptr + 3411716\n8   chromedriver                        0x0000000100e71ccc cxxbridge1$str$ptr + 3424804\n9   chromedriver                        0x0000000100e5586c cxxbridge1$str$ptr + 3308996\n10  chromedriver                        0x0000000100e7258c cxxbridge1$str$ptr + 3427044\n11  chromedriver                        0x0000000100e4709c cxxbridge1$str$ptr + 3249652\n12  chromedriver                        0x0000000100e8c4b8 cxxbridge1$str$ptr + 3533328\n13  chromedriver                        0x0000000100e8c634 cxxbridge1$str$ptr + 3533708\n14  chromedriver                        0x0000000100e9b648 cxxbridge1$str$ptr + 3595168\n15  libsystem_pthread.dylib             0x000000018893ef94 _pthread_start + 136\n16  libsystem_pthread.dylib             0x0000000188939d34 thread_start + 8\n"}} | headers=HTTPHeaderDict({'Content-Length': '1732', 'Content-Type': 'application/json; charset=utf-8', 'cache-control': 'no-cache'})
DEBUG:selenium.webdriver.remote.remote_connection:Finished Request
DEBUG:selenium.webdriver.remote.remote_connection:POST http://localhost:52791/session/41b44a5610ace5aaf0bc95eec4350455/element {'using': 'css selector', 'value': '.button.text-xs.lg\\:w\\[170px\\]'}
DEBUG:urllib3.connectionpool:http://localhost:52791 "POST /session/41b44a5610ace5aaf0bc95eec4350455/element HTTP/1.1" 404 0
DEBUG:selenium.webdriver.remote.remote_connection:Remote response: status=404 | data={"value":{"error":"no such element","message":"no such element: Unable to locate element: {\"method\":\"css selector\",\"selector\":\".button.text-xs.lg\\:w\\[170px\\]\"}\n  (Session info: chrome=131.0.6778.205)","stacktrace":"0   chromedriver                        0x0000000100ea3184 cxxbridge1$str$ptr + 3626716\n1   chromedriver                        0x0000000100e9b9d4 cxxbridge1$str$ptr + 3596076\n2   chromedriver                        0x0000000100908968 cxxbridge1$string$len + 89228\n3   chromedriver                        0x000000010094cd50 cxxbridge1$string$len + 368756\n4   chromedriver                        0x00000001009865b4 cxxbridge1$string$len + 604376\n5   chromedriver                        0x0000000100941568 cxxbridge1$string$len + 321676\n6   chromedriver                        0x00000001009421b8 cxxbridge1$string$len + 324828\n7   chromedriver                        0x0000000100e6e9ac cxxbridge1$str$ptr + 3411716\n8   chromedriver                        0x0000000100e71ccc cxxbridge1$str$ptr + 3424804\n9   chromedriver                        0x0000000100e5586c cxxbridge1$str$ptr + 3308996\n10  chromedriver                        0x0000000100e7258c cxxbridge1$str$ptr + 3427044\n11  chromedriver                        0x0000000100e4709c cxxbridge1$str$ptr + 3249652\n12  chromedriver                        0x0000000100e8c4b8 cxxbridge1$str$ptr + 3533328\n13  chromedriver                        0x0000000100e8c634 cxxbridge1$str$ptr + 3533708\n14  chromedriver                        0x0000000100e9b648 cxxbridge1$str$ptr + 3595168\n15  libsystem_pthread.dylib             0x000000018893ef94 _pthread_start + 136\n16  libsystem_pthread.dylib             0x0000000188939d34 thread_start + 8\n"}} | headers=HTTPHeaderDict({'Content-Length': '1732', 'Content-Type': 'application/json; charset=utf-8', 'cache-control': 'no-cache'})
DEBUG:selenium.webdriver.remote.remote_connection:Finished Request
DEBUG:selenium.webdriver.remote.remote_connection:POST http://localhost:52791/session/41b44a5610ace5aaf0bc95eec4350455/element {'using': 'css selector', 'value': '.button.text-xs.lg\\:w\\[170px\\]'}
DEBUG:urllib3.connectionpool:http://localhost:52791 "POST /session/41b44a5610ace5aaf0bc95eec4350455/element HTTP/1.1" 404 0
DEBUG:selenium.webdriver.remote.remote_connection:Remote response: status=404 | data={"value":{"error":"no such element","message":"no such element: Unable to locate element: {\"method\":\"css selector\",\"selector\":\".button.text-xs.lg\\:w\\[170px\\]\"}\n  (Session info: chrome=131.0.6778.205)","stacktrace":"0   chromedriver                        0x0000000100ea3184 cxxbridge1$str$ptr + 3626716\n1   chromedriver                        0x0000000100e9b9d4 cxxbridge1$str$ptr + 3596076\n2   chromedriver                        0x0000000100908968 cxxbridge1$string$len + 89228\n3   chromedriver                        0x000000010094cd50 cxxbridge1$string$len + 368756\n4   chromedriver                        0x00000001009865b4 cxxbridge1$string$len + 604376\n5   chromedriver                        0x0000000100941568 cxxbridge1$string$len + 321676\n6   chromedriver                        0x00000001009421b8 cxxbridge1$string$len + 324828\n7   chromedriver                        0x0000000100e6e9ac cxxbridge1$str$ptr + 3411716\n8   chromedriver                        0x0000000100e71ccc cxxbridge1$str$ptr + 3424804\n9   chromedriver                        0x0000000100e5586c cxxbridge1$str$ptr + 3308996\n10  chromedriver                        0x0000000100e7258c cxxbridge1$str$ptr + 3427044\n11  chromedriver                        0x0000000100e4709c cxxbridge1$str$ptr + 3249652\n12  chromedriver                        0x0000000100e8c4b8 cxxbridge1$str$ptr + 3533328\n13  chromedriver                        0x0000000100e8c634 cxxbridge1$str$ptr + 3533708\n14  chromedriver                        0x0000000100e9b648 cxxbridge1$str$ptr + 3595168\n15  libsystem_pthread.dylib             0x000000018893ef94 _pthread_start + 136\n16  libsystem_pthread.dylib             0x0000000188939d34 thread_start + 8\n"}} | headers=HTTPHeaderDict({'Content-Length': '1732', 'Content-Type': 'application/json; charset=utf-8', 'cache-control': 'no-cache'})
DEBUG:selenium.webdriver.remote.remote_connection:Finished Request
DEBUG:selenium.webdriver.remote.remote_connection:POST http://localhost:52791/session/41b44a5610ace5aaf0bc95eec4350455/element {'using': 'xpath', 'value': '//button[contains(text(), "Reject all")]'}
DEBUG:urllib3.connectionpool:http://localhost:52791 "POST /session/41b44a5610ace5aaf0bc95eec4350455/element HTTP/1.1" 200 0
DEBUG:selenium.webdriver.remote.remote_connection:Remote response: status=200 | data={"value":{"element-6066-11e4-a52e-4f735466cecf":"f.4743D8E8246FB32CFE843D863034F9D7.d.E997FA675F7B6165E98C0CEC5A1CD454.e.5760"}} | headers=HTTPHeaderDict({'Content-Length': '128', 'Content-Type': 'application/json; charset=utf-8', 'cache-control': 'no-cache'})
DEBUG:selenium.webdriver.remote.remote_connection:Finished Request
DEBUG:selenium.webdriver.remote.remote_connection:POST http://localhost:52791/session/41b44a5610ace5aaf0bc95eec4350455/execute/sync {'script': '/* isDisplayed */return (function(){return (function(){var g=this||self;\nfunction aa(a){var b=typeof...', 'args': [{'element-6066-11e4-a52e-4f735466cecf': 'f.4743D8E8246FB32CFE843D863034F9D7.d.E997FA675F7B6165E98C0CEC5A1CD454.e.5760'}]}
DEBUG:urllib3.connectionpool:http://localhost:52791 "POST /session/41b44a5610ace5aaf0bc95eec4350455/execute/sync HTTP/1.1" 200 0
DEBUG:selenium.webdriver.remote.remote_connection:Remote response: status=200 | data={"value":true} | headers=HTTPHeaderDict({'Content-Length': '14', 'Content-Type': 'application/json; charset=utf-8', 'cache-control': 'no-cache'})
DEBUG:selenium.webdriver.remote.remote_connection:Finished Request
DEBUG:selenium.webdriver.remote.remote_connection:GET http://localhost:52791/session/41b44a5610ace5aaf0bc95eec4350455/element/f.4743D8E8246FB32CFE843D863034F9D7.d.E997FA675F7B6165E98C0CEC5A1CD454.e.5760/enabled {}
DEBUG:urllib3.connectionpool:http://localhost:52791 "GET /session/41b44a5610ace5aaf0bc95eec4350455/element/f.4743D8E8246FB32CFE843D863034F9D7.d.E997FA675F7B6165E98C0CEC5A1CD454.e.5760/enabled HTTP/1.1" 200 0
DEBUG:selenium.webdriver.remote.remote_connection:Remote response: status=200 | data={"value":true} | headers=HTTPHeaderDict({'Content-Length': '14', 'Content-Type': 'application/json; charset=utf-8', 'cache-control': 'no-cache'})
DEBUG:selenium.webdriver.remote.remote_connection:Finished Request
DEBUG:selenium.webdriver.remote.remote_connection:POST http://localhost:52791/session/41b44a5610ace5aaf0bc95eec4350455/element {'using': 'css selector', 'value': '.button.text-xs.lg\\:w\\[170px\\]'}
DEBUG:urllib3.connectionpool:http://localhost:52791 "POST /session/41b44a5610ace5aaf0bc95eec4350455/element HTTP/1.1" 404 0
DEBUG:selenium.webdriver.remote.remote_connection:Remote response: status=404 | data={"value":{"error":"no such element","message":"no such element: Unable to locate element: {\"method\":\"css selector\",\"selector\":\".button.text-xs.lg\\:w\\[170px\\]\"}\n  (Session info: chrome=131.0.6778.205)","stacktrace":"0   chromedriver                        0x0000000100ea3184 cxxbridge1$str$ptr + 3626716\n1   chromedriver                        0x0000000100e9b9d4 cxxbridge1$str$ptr + 3596076\n2   chromedriver                        0x0000000100908968 cxxbridge1$string$len + 89228\n3   chromedriver                        0x000000010094cd50 cxxbridge1$string$len + 368756\n4   chromedriver                        0x00000001009865b4 cxxbridge1$string$len + 604376\n5   chromedriver                        0x0000000100941568 cxxbridge1$string$len + 321676\n6   chromedriver                        0x00000001009421b8 cxxbridge1$string$len + 324828\n7   chromedriver                        0x0000000100e6e9ac cxxbridge1$str$ptr + 3411716\n8   chromedriver                        0x0000000100e71ccc cxxbridge1$str$ptr + 3424804\n9   chromedriver                        0x0000000100e5586c cxxbridge1$str$ptr + 3308996\n10  chromedriver                        0x0000000100e7258c cxxbridge1$str$ptr + 3427044\n11  chromedriver                        0x0000000100e4709c cxxbridge1$str$ptr + 3249652\n12  chromedriver                        0x0000000100e8c4b8 cxxbridge1$str$ptr + 3533328\n13  chromedriver                        0x0000000100e8c634 cxxbridge1$str$ptr + 3533708\n14  chromedriver                        0x0000000100e9b648 cxxbridge1$str$ptr + 3595168\n15  libsystem_pthread.dylib             0x000000018893ef94 _pthread_start + 136\n16  libsystem_pthread.dylib             0x0000000188939d34 thread_start + 8\n"}} | headers=HTTPHeaderDict({'Content-Length': '1732', 'Content-Type': 'application/json; charset=utf-8', 'cache-control': 'no-cache'})
DEBUG:selenium.webdriver.remote.remote_connection:Finished Request
DEBUG:selenium.webdriver.remote.remote_connection:POST http://localhost:52791/session/41b44a5610ace5aaf0bc95eec4350455/element {'using': 'css selector', 'value': '.button.text-xs.lg\\:w\\[170px\\]'}
DEBUG:urllib3.connectionpool:http://localhost:52791 "POST /session/41b44a5610ace5aaf0bc95eec4350455/element HTTP/1.1" 404 0
DEBUG:selenium.webdriver.remote.remote_connection:Remote response: status=404 | data={"value":{"error":"no such element","message":"no such element: Unable to locate element: {\"method\":\"css selector\",\"selector\":\".button.text-xs.lg\\:w\\[170px\\]\"}\n  (Session info: chrome=131.0.6778.205)","stacktrace":"0   chromedriver                        0x0000000100ea3184 cxxbridge1$str$ptr + 3626716\n1   chromedriver                        0x0000000100e9b9d4 cxxbridge1$str$ptr + 3596076\n2   chromedriver                        0x0000000100908968 cxxbridge1$string$len + 89228\n3   chromedriver                        0x000000010094cd50 cxxbridge1$string$len + 368756\n4   chromedriver                        0x00000001009865b4 cxxbridge1$string$len + 604376\n5   chromedriver                        0x0000000100941568 cxxbridge1$string$len + 321676\n6   chromedriver                        0x00000001009421b8 cxxbridge1$string$len + 324828\n7   chromedriver                        0x0000000100e6e9ac cxxbridge1$str$ptr + 3411716\n8   chromedriver                        0x0000000100e71ccc cxxbridge1$str$ptr + 3424804\n9   chromedriver                        0x0000000100e5586c cxxbridge1$str$ptr + 3308996\n10  chromedriver                        0x0000000100e7258c cxxbridge1$str$ptr + 3427044\n11  chromedriver                        0x0000000100e4709c cxxbridge1$str$ptr + 3249652\n12  chromedriver                        0x0000000100e8c4b8 cxxbridge1$str$ptr + 3533328\n13  chromedriver                        0x0000000100e8c634 cxxbridge1$str$ptr + 3533708\n14  chromedriver                        0x0000000100e9b648 cxxbridge1$str$ptr + 3595168\n15  libsystem_pthread.dylib             0x000000018893ef94 _pthread_start + 136\n16  libsystem_pthread.dylib             0x0000000188939d34 thread_start + 8\n"}} | headers=HTTPHeaderDict({'Content-Length': '1732', 'Content-Type': 'application/json; charset=utf-8', 'cache-control': 'no-cache'})
DEBUG:selenium.webdriver.remote.remote_connection:Finished Request
DEBUG:selenium.webdriver.remote.remote_connection:POST http://localhost:52791/session/41b44a5610ace5aaf0bc95eec4350455/element {'using': 'css selector', 'value': '.button.text-xs.lg\\:w\\[170px\\]'}
DEBUG:urllib3.connectionpool:http://localhost:52791 "POST /session/41b44a5610ace5aaf0bc95eec4350455/element HTTP/1.1" 404 0
DEBUG:selenium.webdriver.remote.remote_connection:Remote response: status=404 | data={"value":{"error":"no such element","message":"no such element: Unable to locate element: {\"method\":\"css selector\",\"selector\":\".button.text-xs.lg\\:w\\[170px\\]\"}\n  (Session info: chrome=131.0.6778.205)","stacktrace":"0   chromedriver                        0x0000000100ea3184 cxxbridge1$str$ptr + 3626716\n1   chromedriver                        0x0000000100e9b9d4 cxxbridge1$str$ptr + 3596076\n2   chromedriver                        0x0000000100908968 cxxbridge1$string$len + 89228\n3   chromedriver                        0x000000010094cd50 cxxbridge1$string$len + 368756\n4   chromedriver                        0x00000001009865b4 cxxbridge1$string$len + 604376\n5   chromedriver                        0x0000000100941568 cxxbridge1$string$len + 321676\n6   chromedriver                        0x00000001009421b8 cxxbridge1$string$len + 324828\n7   chromedriver                        0x0000000100e6e9ac cxxbridge1$str$ptr + 3411716\n8   chromedriver                        0x0000000100e71ccc cxxbridge1$str$ptr + 3424804\n9   chromedriver                        0x0000000100e5586c cxxbridge1$str$ptr + 3308996\n10  chromedriver                        0x0000000100e7258c cxxbridge1$str$ptr + 3427044\n11  chromedriver                        0x0000000100e4709c cxxbridge1$str$ptr + 3249652\n12  chromedriver                        0x0000000100e8c4b8 cxxbridge1$str$ptr + 3533328\n13  chromedriver                        0x0000000100e8c634 cxxbridge1$str$ptr + 3533708\n14  chromedriver                        0x0000000100e9b648 cxxbridge1$str$ptr + 3595168\n15  libsystem_pthread.dylib             0x000000018893ef94 _pthread_start + 136\n16  libsystem_pthread.dylib             0x0000000188939d34 thread_start + 8\n"}} | headers=HTTPHeaderDict({'Content-Length': '1732', 'Content-Type': 'application/json; charset=utf-8', 'cache-control': 'no-cache'})
DEBUG:selenium.webdriver.remote.remote_connection:Finished Request
DEBUG:selenium.webdriver.remote.remote_connection:POST http://localhost:52791/session/41b44a5610ace5aaf0bc95eec4350455/element {'using': 'css selector', 'value': '.button.text-xs.lg\\:w\\[170px\\]'}
DEBUG:urllib3.connectionpool:http://localhost:52791 "POST /session/41b44a5610ace5aaf0bc95eec4350455/element HTTP/1.1" 404 0
DEBUG:selenium.webdriver.remote.remote_connection:Remote response: status=404 | data={"value":{"error":"no such element","message":"no such element: Unable to locate element: {\"method\":\"css selector\",\"selector\":\".button.text-xs.lg\\:w\\[170px\\]\"}\n  (Session info: chrome=131.0.6778.205)","stacktrace":"0   chromedriver                        0x0000000100ea3184 cxxbridge1$str$ptr + 3626716\n1   chromedriver                        0x0000000100e9b9d4 cxxbridge1$str$ptr + 3596076\n2   chromedriver                        0x0000000100908968 cxxbridge1$string$len + 89228\n3   chromedriver                        0x000000010094cd50 cxxbridge1$string$len + 368756\n4   chromedriver                        0x00000001009865b4 cxxbridge1$string$len + 604376\n5   chromedriver                        0x0000000100941568 cxxbridge1$string$len + 321676\n6   chromedriver                        0x00000001009421b8 cxxbridge1$string$len + 324828\n7   chromedriver                        0x0000000100e6e9ac cxxbridge1$str$ptr + 3411716\n8   chromedriver                        0x0000000100e71ccc cxxbridge1$str$ptr + 3424804\n9   chromedriver                        0x0000000100e5586c cxxbridge1$str$ptr + 3308996\n10  chromedriver                        0x0000000100e7258c cxxbridge1$str$ptr + 3427044\n11  chromedriver                        0x0000000100e4709c cxxbridge1$str$ptr + 3249652\n12  chromedriver                        0x0000000100e8c4b8 cxxbridge1$str$ptr + 3533328\n13  chromedriver                        0x0000000100e8c634 cxxbridge1$str$ptr + 3533708\n14  chromedriver                        0x0000000100e9b648 cxxbridge1$str$ptr + 3595168\n15  libsystem_pthread.dylib             0x000000018893ef94 _pthread_start + 136\n16  libsystem_pthread.dylib             0x0000000188939d34 thread_start + 8\n"}} | headers=HTTPHeaderDict({'Content-Length': '1732', 'Content-Type': 'application/json; charset=utf-8', 'cache-control': 'no-cache'})
DEBUG:selenium.webdriver.remote.remote_connection:Finished Request
DEBUG:selenium.webdriver.remote.remote_connection:POST http://localhost:52791/session/41b44a5610ace5aaf0bc95eec4350455/element {'using': 'css selector', 'value': '.button.text-xs.lg\\:w\\[170px\\]'}
DEBUG:urllib3.connectionpool:http://localhost:52791 "POST /session/41b44a5610ace5aaf0bc95eec4350455/element HTTP/1.1" 404 0
DEBUG:selenium.webdriver.remote.remote_connection:Remote response: status=404 | data={"value":{"error":"no such element","message":"no such element: Unable to locate element: {\"method\":\"css selector\",\"selector\":\".button.text-xs.lg\\:w\\[170px\\]\"}\n  (Session info: chrome=131.0.6778.205)","stacktrace":"0   chromedriver                        0x0000000100ea3184 cxxbridge1$str$ptr + 3626716\n1   chromedriver                        0x0000000100e9b9d4 cxxbridge1$str$ptr + 3596076\n2   chromedriver                        0x0000000100908968 cxxbridge1$string$len + 89228\n3   chromedriver                        0x000000010094cd50 cxxbridge1$string$len + 368756\n4   chromedriver                        0x00000001009865b4 cxxbridge1$string$len + 604376\n5   chromedriver                        0x0000000100941568 cxxbridge1$string$len + 321676\n6   chromedriver                        0x00000001009421b8 cxxbridge1$string$len + 324828\n7   chromedriver                        0x0000000100e6e9ac cxxbridge1$str$ptr + 3411716\n8   chromedriver                        0x0000000100e71ccc cxxbridge1$str$ptr + 3424804\n9   chromedriver                        0x0000000100e5586c cxxbridge1$str$ptr + 3308996\n10  chromedriver                        0x0000000100e7258c cxxbridge1$str$ptr + 3427044\n11  chromedriver                        0x0000000100e4709c cxxbridge1$str$ptr + 3249652\n12  chromedriver                        0x0000000100e8c4b8 cxxbridge1$str$ptr + 3533328\n13  chromedriver                        0x0000000100e8c634 cxxbridge1$str$ptr + 3533708\n14  chromedriver                        0x0000000100e9b648 cxxbridge1$str$ptr + 3595168\n15  libsystem_pthread.dylib             0x000000018893ef94 _pthread_start + 136\n16  libsystem_pthread.dylib             0x0000000188939d34 thread_start + 8\n"}} | headers=HTTPHeaderDict({'Content-Length': '1732', 'Content-Type': 'application/json; charset=utf-8', 'cache-control': 'no-cache'})
DEBUG:selenium.webdriver.remote.remote_connection:Finished Request
DEBUG:selenium.webdriver.remote.remote_connection:POST http://localhost:52791/session/41b44a5610ace5aaf0bc95eec4350455/element {'using': 'css selector', 'value': '.button.text-xs.lg\\:w\\[170px\\]'}
DEBUG:urllib3.connectionpool:http://localhost:52791 "POST /session/41b44a5610ace5aaf0bc95eec4350455/element HTTP/1.1" 404 0
DEBUG:selenium.webdriver.remote.remote_connection:Remote response: status=404 | data={"value":{"error":"no such element","message":"no such element: Unable to locate element: {\"method\":\"css selector\",\"selector\":\".button.text-xs.lg\\:w\\[170px\\]\"}\n  (Session info: chrome=131.0.6778.205)","stacktrace":"0   chromedriver                        0x0000000100ea3184 cxxbridge1$str$ptr + 3626716\n1   chromedriver                        0x0000000100e9b9d4 cxxbridge1$str$ptr + 3596076\n2   chromedriver                        0x0000000100908968 cxxbridge1$string$len + 89228\n3   chromedriver                        0x000000010094cd50 cxxbridge1$string$len + 368756\n4   chromedriver                        0x00000001009865b4 cxxbridge1$string$len + 604376\n5   chromedriver                        0x0000000100941568 cxxbridge1$string$len + 321676\n6   chromedriver                        0x00000001009421b8 cxxbridge1$string$len + 324828\n7   chromedriver                        0x0000000100e6e9ac cxxbridge1$str$ptr + 3411716\n8   chromedriver                        0x0000000100e71ccc cxxbridge1$str$ptr + 3424804\n9   chromedriver                        0x0000000100e5586c cxxbridge1$str$ptr + 3308996\n10  chromedriver                        0x0000000100e7258c cxxbridge1$str$ptr + 3427044\n11  chromedriver                        0x0000000100e4709c cxxbridge1$str$ptr + 3249652\n12  chromedriver                        0x0000000100e8c4b8 cxxbridge1$str$ptr + 3533328\n13  chromedriver                        0x0000000100e8c634 cxxbridge1$str$ptr + 3533708\n14  chromedriver                        0x0000000100e9b648 cxxbridge1$str$ptr + 3595168\n15  libsystem_pthread.dylib             0x000000018893ef94 _pthread_start + 136\n16  libsystem_pthread.dylib             0x0000000188939d34 thread_start + 8\n"}} | headers=HTTPHeaderDict({'Content-Length': '1732', 'Content-Type': 'application/json; charset=utf-8', 'cache-control': 'no-cache'})
DEBUG:selenium.webdriver.remote.remote_connection:Finished Request
DEBUG:selenium.webdriver.remote.remote_connection:POST http://localhost:52791/session/41b44a5610ace5aaf0bc95eec4350455/element {'using': 'xpath', 'value': '//button[contains(text(), "Reject all")]'}
DEBUG:urllib3.connectionpool:http://localhost:52791 "POST /session/41b44a5610ace5aaf0bc95eec4350455/element HTTP/1.1" 200 0
DEBUG:selenium.webdriver.remote.remote_connection:Remote response: status=200 | data={"value":{"element-6066-11e4-a52e-4f735466cecf":"f.4743D8E8246FB32CFE843D863034F9D7.d.E997FA675F7B6165E98C0CEC5A1CD454.e.5760"}} | headers=HTTPHeaderDict({'Content-Length': '128', 'Content-Type': 'application/json; charset=utf-8', 'cache-control': 'no-cache'})
DEBUG:selenium.webdriver.remote.remote_connection:Finished Request
DEBUG:selenium.webdriver.remote.remote_connection:POST http://localhost:52791/session/41b44a5610ace5aaf0bc95eec4350455/execute/sync {'script': '/* isDisplayed */return (function(){return (function(){var g=this||self;\nfunction aa(a){var b=typeof...', 'args': [{'element-6066-11e4-a52e-4f735466cecf': 'f.4743D8E8246FB32CFE843D863034F9D7.d.E997FA675F7B6165E98C0CEC5A1CD454.e.5760'}]}
DEBUG:urllib3.connectionpool:http://localhost:52791 "POST /session/41b44a5610ace5aaf0bc95eec4350455/execute/sync HTTP/1.1" 200 0
DEBUG:selenium.webdriver.remote.remote_connection:Remote response: status=200 | data={"value":true} | headers=HTTPHeaderDict({'Content-Length': '14', 'Content-Type': 'application/json; charset=utf-8', 'cache-control': 'no-cache'})
DEBUG:selenium.webdriver.remote.remote_connection:Finished Request
DEBUG:selenium.webdriver.remote.remote_connection:GET http://localhost:52791/session/41b44a5610ace5aaf0bc95eec4350455/element/f.4743D8E8246FB32CFE843D863034F9D7.d.E997FA675F7B6165E98C0CEC5A1CD454.e.5760/enabled {}
DEBUG:urllib3.connectionpool:http://localhost:52791 "GET /session/41b44a5610ace5aaf0bc95eec4350455/element/f.4743D8E8246FB32CFE843D863034F9D7.d.E997FA675F7B6165E98C0CEC5A1CD454.e.5760/enabled HTTP/1.1" 200 0
DEBUG:selenium.webdriver.remote.remote_connection:Remote response: status=200 | data={"value":true} | headers=HTTPHeaderDict({'Content-Length': '14', 'Content-Type': 'application/json; charset=utf-8', 'cache-control': 'no-cache'})
DEBUG:selenium.webdriver.remote.remote_connection:Finished Request
DEBUG:selenium.webdriver.remote.remote_connection:POST http://localhost:52791/session/41b44a5610ace5aaf0bc95eec4350455/element {'using': 'css selector', 'value': '.button.text-xs.lg\\:w\\[170px\\]'}
DEBUG:urllib3.connectionpool:http://localhost:52791 "POST /session/41b44a5610ace5aaf0bc95eec4350455/element HTTP/1.1" 404 0
DEBUG:selenium.webdriver.remote.remote_connection:Remote response: status=404 | data={"value":{"error":"no such element","message":"no such element: Unable to locate element: {\"method\":\"css selector\",\"selector\":\".button.text-xs.lg\\:w\\[170px\\]\"}\n  (Session info: chrome=131.0.6778.205)","stacktrace":"0   chromedriver                        0x0000000100ea3184 cxxbridge1$str$ptr + 3626716\n1   chromedriver                        0x0000000100e9b9d4 cxxbridge1$str$ptr + 3596076\n2   chromedriver                        0x0000000100908968 cxxbridge1$string$len + 89228\n3   chromedriver                        0x000000010094cd50 cxxbridge1$string$len + 368756\n4   chromedriver                        0x00000001009865b4 cxxbridge1$string$len + 604376\n5   chromedriver                        0x0000000100941568 cxxbridge1$string$len + 321676\n6   chromedriver                        0x00000001009421b8 cxxbridge1$string$len + 324828\n7   chromedriver                        0x0000000100e6e9ac cxxbridge1$str$ptr + 3411716\n8   chromedriver                        0x0000000100e71ccc cxxbridge1$str$ptr + 3424804\n9   chromedriver                        0x0000000100e5586c cxxbridge1$str$ptr + 3308996\n10  chromedriver                        0x0000000100e7258c cxxbridge1$str$ptr + 3427044\n11  chromedriver                        0x0000000100e4709c cxxbridge1$str$ptr + 3249652\n12  chromedriver                        0x0000000100e8c4b8 cxxbridge1$str$ptr + 3533328\n13  chromedriver                        0x0000000100e8c634 cxxbridge1$str$ptr + 3533708\n14  chromedriver                        0x0000000100e9b648 cxxbridge1$str$ptr + 3595168\n15  libsystem_pthread.dylib             0x000000018893ef94 _pthread_start + 136\n16  libsystem_pthread.dylib             0x0000000188939d34 thread_start + 8\n"}} | headers=HTTPHeaderDict({'Content-Length': '1732', 'Content-Type': 'application/json; charset=utf-8', 'cache-control': 'no-cache'})
DEBUG:selenium.webdriver.remote.remote_connection:Finished Request
DEBUG:selenium.webdriver.remote.remote_connection:POST http://localhost:52791/session/41b44a5610ace5aaf0bc95eec4350455/element {'using': 'css selector', 'value': '.button.text-xs.lg\\:w\\[170px\\]'}
DEBUG:urllib3.connectionpool:http://localhost:52791 "POST /session/41b44a5610ace5aaf0bc95eec4350455/element HTTP/1.1" 404 0
DEBUG:selenium.webdriver.remote.remote_connection:Remote response: status=404 | data={"value":{"error":"no such element","message":"no such element: Unable to locate element: {\"method\":\"css selector\",\"selector\":\".button.text-xs.lg\\:w\\[170px\\]\"}\n  (Session info: chrome=131.0.6778.205)","stacktrace":"0   chromedriver                        0x0000000100ea3184 cxxbridge1$str$ptr + 3626716\n1   chromedriver                        0x0000000100e9b9d4 cxxbridge1$str$ptr + 3596076\n2   chromedriver                        0x0000000100908968 cxxbridge1$string$len + 89228\n3   chromedriver                        0x000000010094cd50 cxxbridge1$string$len + 368756\n4   chromedriver                        0x00000001009865b4 cxxbridge1$string$len + 604376\n5   chromedriver                        0x0000000100941568 cxxbridge1$string$len + 321676\n6   chromedriver                        0x00000001009421b8 cxxbridge1$string$len + 324828\n7   chromedriver                        0x0000000100e6e9ac cxxbridge1$str$ptr + 3411716\n8   chromedriver                        0x0000000100e71ccc cxxbridge1$str$ptr + 3424804\n9   chromedriver                        0x0000000100e5586c cxxbridge1$str$ptr + 3308996\n10  chromedriver                        0x0000000100e7258c cxxbridge1$str$ptr + 3427044\n11  chromedriver                        0x0000000100e4709c cxxbridge1$str$ptr + 3249652\n12  chromedriver                        0x0000000100e8c4b8 cxxbridge1$str$ptr + 3533328\n13  chromedriver                        0x0000000100e8c634 cxxbridge1$str$ptr + 3533708\n14  chromedriver                        0x0000000100e9b648 cxxbridge1$str$ptr + 3595168\n15  libsystem_pthread.dylib             0x000000018893ef94 _pthread_start + 136\n16  libsystem_pthread.dylib             0x0000000188939d34 thread_start + 8\n"}} | headers=HTTPHeaderDict({'Content-Length': '1732', 'Content-Type': 'application/json; charset=utf-8', 'cache-control': 'no-cache'})
DEBUG:selenium.webdriver.remote.remote_connection:Finished Request
DEBUG:selenium.webdriver.remote.remote_connection:POST http://localhost:52791/session/41b44a5610ace5aaf0bc95eec4350455/element {'using': 'css selector', 'value': '.button.text-xs.lg\\:w\\[170px\\]'}
DEBUG:urllib3.connectionpool:http://localhost:52791 "POST /session/41b44a5610ace5aaf0bc95eec4350455/element HTTP/1.1" 404 0
DEBUG:selenium.webdriver.remote.remote_connection:Remote response: status=404 | data={"value":{"error":"no such element","message":"no such element: Unable to locate element: {\"method\":\"css selector\",\"selector\":\".button.text-xs.lg\\:w\\[170px\\]\"}\n  (Session info: chrome=131.0.6778.205)","stacktrace":"0   chromedriver                        0x0000000100ea3184 cxxbridge1$str$ptr + 3626716\n1   chromedriver                        0x0000000100e9b9d4 cxxbridge1$str$ptr + 3596076\n2   chromedriver                        0x0000000100908968 cxxbridge1$string$len + 89228\n3   chromedriver                        0x000000010094cd50 cxxbridge1$string$len + 368756\n4   chromedriver                        0x00000001009865b4 cxxbridge1$string$len + 604376\n5   chromedriver                        0x0000000100941568 cxxbridge1$string$len + 321676\n6   chromedriver                        0x00000001009421b8 cxxbridge1$string$len + 324828\n7   chromedriver                        0x0000000100e6e9ac cxxbridge1$str$ptr + 3411716\n8   chromedriver                        0x0000000100e71ccc cxxbridge1$str$ptr + 3424804\n9   chromedriver                        0x0000000100e5586c cxxbridge1$str$ptr + 3308996\n10  chromedriver                        0x0000000100e7258c cxxbridge1$str$ptr + 3427044\n11  chromedriver                        0x0000000100e4709c cxxbridge1$str$ptr + 3249652\n12  chromedriver                        0x0000000100e8c4b8 cxxbridge1$str$ptr + 3533328\n13  chromedriver                        0x0000000100e8c634 cxxbridge1$str$ptr + 3533708\n14  chromedriver                        0x0000000100e9b648 cxxbridge1$str$ptr + 3595168\n15  libsystem_pthread.dylib             0x000000018893ef94 _pthread_start + 136\n16  libsystem_pthread.dylib             0x0000000188939d34 thread_start + 8\n"}} | headers=HTTPHeaderDict({'Content-Length': '1732', 'Content-Type': 'application/json; charset=utf-8', 'cache-control': 'no-cache'})
DEBUG:selenium.webdriver.remote.remote_connection:Finished Request
DEBUG:selenium.webdriver.remote.remote_connection:POST http://localhost:52791/session/41b44a5610ace5aaf0bc95eec4350455/element {'using': 'css selector', 'value': '.button.text-xs.lg\\:w\\[170px\\]'}
DEBUG:urllib3.connectionpool:http://localhost:52791 "POST /session/41b44a5610ace5aaf0bc95eec4350455/element HTTP/1.1" 404 0
DEBUG:selenium.webdriver.remote.remote_connection:Remote response: status=404 | data={"value":{"error":"no such element","message":"no such element: Unable to locate element: {\"method\":\"css selector\",\"selector\":\".button.text-xs.lg\\:w\\[170px\\]\"}\n  (Session info: chrome=131.0.6778.205)","stacktrace":"0   chromedriver                        0x0000000100ea3184 cxxbridge1$str$ptr + 3626716\n1   chromedriver                        0x0000000100e9b9d4 cxxbridge1$str$ptr + 3596076\n2   chromedriver                        0x0000000100908968 cxxbridge1$string$len + 89228\n3   chromedriver                        0x000000010094cd50 cxxbridge1$string$len + 368756\n4   chromedriver                        0x00000001009865b4 cxxbridge1$string$len + 604376\n5   chromedriver                        0x0000000100941568 cxxbridge1$string$len + 321676\n6   chromedriver                        0x00000001009421b8 cxxbridge1$string$len + 324828\n7   chromedriver                        0x0000000100e6e9ac cxxbridge1$str$ptr + 3411716\n8   chromedriver                        0x0000000100e71ccc cxxbridge1$str$ptr + 3424804\n9   chromedriver                        0x0000000100e5586c cxxbridge1$str$ptr + 3308996\n10  chromedriver                        0x0000000100e7258c cxxbridge1$str$ptr + 3427044\n11  chromedriver                        0x0000000100e4709c cxxbridge1$str$ptr + 3249652\n12  chromedriver                        0x0000000100e8c4b8 cxxbridge1$str$ptr + 3533328\n13  chromedriver                        0x0000000100e8c634 cxxbridge1$str$ptr + 3533708\n14  chromedriver                        0x0000000100e9b648 cxxbridge1$str$ptr + 3595168\n15  libsystem_pthread.dylib             0x000000018893ef94 _pthread_start + 136\n16  libsystem_pthread.dylib             0x0000000188939d34 thread_start + 8\n"}} | headers=HTTPHeaderDict({'Content-Length': '1732', 'Content-Type': 'application/json; charset=utf-8', 'cache-control': 'no-cache'})
DEBUG:selenium.webdriver.remote.remote_connection:Finished Request
DEBUG:selenium.webdriver.remote.remote_connection:POST http://localhost:52791/session/41b44a5610ace5aaf0bc95eec4350455/element {'using': 'css selector', 'value': '.button.text-xs.lg\\:w\\[170px\\]'}
DEBUG:urllib3.connectionpool:http://localhost:52791 "POST /session/41b44a5610ace5aaf0bc95eec4350455/element HTTP/1.1" 404 0
DEBUG:selenium.webdriver.remote.remote_connection:Remote response: status=404 | data={"value":{"error":"no such element","message":"no such element: Unable to locate element: {\"method\":\"css selector\",\"selector\":\".button.text-xs.lg\\:w\\[170px\\]\"}\n  (Session info: chrome=131.0.6778.205)","stacktrace":"0   chromedriver                        0x0000000100ea3184 cxxbridge1$str$ptr + 3626716\n1   chromedriver                        0x0000000100e9b9d4 cxxbridge1$str$ptr + 3596076\n2   chromedriver                        0x0000000100908968 cxxbridge1$string$len + 89228\n3   chromedriver                        0x000000010094cd50 cxxbridge1$string$len + 368756\n4   chromedriver                        0x00000001009865b4 cxxbridge1$string$len + 604376\n5   chromedriver                        0x0000000100941568 cxxbridge1$string$len + 321676\n6   chromedriver                        0x00000001009421b8 cxxbridge1$string$len + 324828\n7   chromedriver                        0x0000000100e6e9ac cxxbridge1$str$ptr + 3411716\n8   chromedriver                        0x0000000100e71ccc cxxbridge1$str$ptr + 3424804\n9   chromedriver                        0x0000000100e5586c cxxbridge1$str$ptr + 3308996\n10  chromedriver                        0x0000000100e7258c cxxbridge1$str$ptr + 3427044\n11  chromedriver                        0x0000000100e4709c cxxbridge1$str$ptr + 3249652\n12  chromedriver                        0x0000000100e8c4b8 cxxbridge1$str$ptr + 3533328\n13  chromedriver                        0x0000000100e8c634 cxxbridge1$str$ptr + 3533708\n14  chromedriver                        0x0000000100e9b648 cxxbridge1$str$ptr + 3595168\n15  libsystem_pthread.dylib             0x000000018893ef94 _pthread_start + 136\n16  libsystem_pthread.dylib             0x0000000188939d34 thread_start + 8\n"}} | headers=HTTPHeaderDict({'Content-Length': '1732', 'Content-Type': 'application/json; charset=utf-8', 'cache-control': 'no-cache'})
DEBUG:selenium.webdriver.remote.remote_connection:Finished Request
DEBUG:selenium.webdriver.remote.remote_connection:POST http://localhost:52791/session/41b44a5610ace5aaf0bc95eec4350455/element {'using': 'css selector', 'value': '.button.text-xs.lg\\:w\\[170px\\]'}
DEBUG:urllib3.connectionpool:http://localhost:52791 "POST /session/41b44a5610ace5aaf0bc95eec4350455/element HTTP/1.1" 404 0
DEBUG:selenium.webdriver.remote.remote_connection:Remote response: status=404 | data={"value":{"error":"no such element","message":"no such element: Unable to locate element: {\"method\":\"css selector\",\"selector\":\".button.text-xs.lg\\:w\\[170px\\]\"}\n  (Session info: chrome=131.0.6778.205)","stacktrace":"0   chromedriver                        0x0000000100ea3184 cxxbridge1$str$ptr + 3626716\n1   chromedriver                        0x0000000100e9b9d4 cxxbridge1$str$ptr + 3596076\n2   chromedriver                        0x0000000100908968 cxxbridge1$string$len + 89228\n3   chromedriver                        0x000000010094cd50 cxxbridge1$string$len + 368756\n4   chromedriver                        0x00000001009865b4 cxxbridge1$string$len + 604376\n5   chromedriver                        0x0000000100941568 cxxbridge1$string$len + 321676\n6   chromedriver                        0x00000001009421b8 cxxbridge1$string$len + 324828\n7   chromedriver                        0x0000000100e6e9ac cxxbridge1$str$ptr + 3411716\n8   chromedriver                        0x0000000100e71ccc cxxbridge1$str$ptr + 3424804\n9   chromedriver                        0x0000000100e5586c cxxbridge1$str$ptr + 3308996\n10  chromedriver                        0x0000000100e7258c cxxbridge1$str$ptr + 3427044\n11  chromedriver                        0x0000000100e4709c cxxbridge1$str$ptr + 3249652\n12  chromedriver                        0x0000000100e8c4b8 cxxbridge1$str$ptr + 3533328\n13  chromedriver                        0x0000000100e8c634 cxxbridge1$str$ptr + 3533708\n14  chromedriver                        0x0000000100e9b648 cxxbridge1$str$ptr + 3595168\n15  libsystem_pthread.dylib             0x000000018893ef94 _pthread_start + 136\n16  libsystem_pthread.dylib             0x0000000188939d34 thread_start + 8\n"}} | headers=HTTPHeaderDict({'Content-Length': '1732', 'Content-Type': 'application/json; charset=utf-8', 'cache-control': 'no-cache'})
DEBUG:selenium.webdriver.remote.remote_connection:Finished Request
DEBUG:selenium.webdriver.remote.remote_connection:POST http://localhost:52791/session/41b44a5610ace5aaf0bc95eec4350455/element {'using': 'xpath', 'value': '//button[contains(text(), "Reject all")]'}
DEBUG:urllib3.connectionpool:http://localhost:52791 "POST /session/41b44a5610ace5aaf0bc95eec4350455/element HTTP/1.1" 200 0
DEBUG:selenium.webdriver.remote.remote_connection:Remote response: status=200 | data={"value":{"element-6066-11e4-a52e-4f735466cecf":"f.4743D8E8246FB32CFE843D863034F9D7.d.E997FA675F7B6165E98C0CEC5A1CD454.e.5760"}} | headers=HTTPHeaderDict({'Content-Length': '128', 'Content-Type': 'application/json; charset=utf-8', 'cache-control': 'no-cache'})
DEBUG:selenium.webdriver.remote.remote_connection:Finished Request
DEBUG:selenium.webdriver.remote.remote_connection:POST http://localhost:52791/session/41b44a5610ace5aaf0bc95eec4350455/execute/sync {'script': '/* isDisplayed */return (function(){return (function(){var g=this||self;\nfunction aa(a){var b=typeof...', 'args': [{'element-6066-11e4-a52e-4f735466cecf': 'f.4743D8E8246FB32CFE843D863034F9D7.d.E997FA675F7B6165E98C0CEC5A1CD454.e.5760'}]}
DEBUG:urllib3.connectionpool:http://localhost:52791 "POST /session/41b44a5610ace5aaf0bc95eec4350455/execute/sync HTTP/1.1" 200 0
DEBUG:selenium.webdriver.remote.remote_connection:Remote response: status=200 | data={"value":true} | headers=HTTPHeaderDict({'Content-Length': '14', 'Content-Type': 'application/json; charset=utf-8', 'cache-control': 'no-cache'})
DEBUG:selenium.webdriver.remote.remote_connection:Finished Request
DEBUG:selenium.webdriver.remote.remote_connection:GET http://localhost:52791/session/41b44a5610ace5aaf0bc95eec4350455/element/f.4743D8E8246FB32CFE843D863034F9D7.d.E997FA675F7B6165E98C0CEC5A1CD454.e.5760/enabled {}
DEBUG:urllib3.connectionpool:http://localhost:52791 "GET /session/41b44a5610ace5aaf0bc95eec4350455/element/f.4743D8E8246FB32CFE843D863034F9D7.d.E997FA675F7B6165E98C0CEC5A1CD454.e.5760/enabled HTTP/1.1" 200 0
DEBUG:selenium.webdriver.remote.remote_connection:Remote response: status=200 | data={"value":true} | headers=HTTPHeaderDict({'Content-Length': '14', 'Content-Type': 'application/json; charset=utf-8', 'cache-control': 'no-cache'})
DEBUG:selenium.webdriver.remote.remote_connection:Finished Request
DEBUG:selenium.webdriver.remote.remote_connection:POST http://localhost:52791/session/41b44a5610ace5aaf0bc95eec4350455/element {'using': 'css selector', 'value': '.button.text-xs.lg\\:w\\[170px\\]'}
DEBUG:urllib3.connectionpool:http://localhost:52791 "POST /session/41b44a5610ace5aaf0bc95eec4350455/element HTTP/1.1" 404 0
DEBUG:selenium.webdriver.remote.remote_connection:Remote response: status=404 | data={"value":{"error":"no such element","message":"no such element: Unable to locate element: {\"method\":\"css selector\",\"selector\":\".button.text-xs.lg\\:w\\[170px\\]\"}\n  (Session info: chrome=131.0.6778.205)","stacktrace":"0   chromedriver                        0x0000000100ea3184 cxxbridge1$str$ptr + 3626716\n1   chromedriver                        0x0000000100e9b9d4 cxxbridge1$str$ptr + 3596076\n2   chromedriver                        0x0000000100908968 cxxbridge1$string$len + 89228\n3   chromedriver                        0x000000010094cd50 cxxbridge1$string$len + 368756\n4   chromedriver                        0x00000001009865b4 cxxbridge1$string$len + 604376\n5   chromedriver                        0x0000000100941568 cxxbridge1$string$len + 321676\n6   chromedriver                        0x00000001009421b8 cxxbridge1$string$len + 324828\n7   chromedriver                        0x0000000100e6e9ac cxxbridge1$str$ptr + 3411716\n8   chromedriver                        0x0000000100e71ccc cxxbridge1$str$ptr + 3424804\n9   chromedriver                        0x0000000100e5586c cxxbridge1$str$ptr + 3308996\n10  chromedriver                        0x0000000100e7258c cxxbridge1$str$ptr + 3427044\n11  chromedriver                        0x0000000100e4709c cxxbridge1$str$ptr + 3249652\n12  chromedriver                        0x0000000100e8c4b8 cxxbridge1$str$ptr + 3533328\n13  chromedriver                        0x0000000100e8c634 cxxbridge1$str$ptr + 3533708\n14  chromedriver                        0x0000000100e9b648 cxxbridge1$str$ptr + 3595168\n15  libsystem_pthread.dylib             0x000000018893ef94 _pthread_start + 136\n16  libsystem_pthread.dylib             0x0000000188939d34 thread_start + 8\n"}} | headers=HTTPHeaderDict({'Content-Length': '1732', 'Content-Type': 'application/json; charset=utf-8', 'cache-control': 'no-cache'})
DEBUG:selenium.webdriver.remote.remote_connection:Finished Request
DEBUG:selenium.webdriver.remote.remote_connection:POST http://localhost:52791/session/41b44a5610ace5aaf0bc95eec4350455/element {'using': 'css selector', 'value': '.button.text-xs.lg\\:w\\[170px\\]'}
DEBUG:urllib3.connectionpool:http://localhost:52791 "POST /session/41b44a5610ace5aaf0bc95eec4350455/element HTTP/1.1" 404 0
DEBUG:selenium.webdriver.remote.remote_connection:Remote response: status=404 | data={"value":{"error":"no such element","message":"no such element: Unable to locate element: {\"method\":\"css selector\",\"selector\":\".button.text-xs.lg\\:w\\[170px\\]\"}\n  (Session info: chrome=131.0.6778.205)","stacktrace":"0   chromedriver                        0x0000000100ea3184 cxxbridge1$str$ptr + 3626716\n1   chromedriver                        0x0000000100e9b9d4 cxxbridge1$str$ptr + 3596076\n2   chromedriver                        0x0000000100908968 cxxbridge1$string$len + 89228\n3   chromedriver                        0x000000010094cd50 cxxbridge1$string$len + 368756\n4   chromedriver                        0x00000001009865b4 cxxbridge1$string$len + 604376\n5   chromedriver                        0x0000000100941568 cxxbridge1$string$len + 321676\n6   chromedriver                        0x00000001009421b8 cxxbridge1$string$len + 324828\n7   chromedriver                        0x0000000100e6e9ac cxxbridge1$str$ptr + 3411716\n8   chromedriver                        0x0000000100e71ccc cxxbridge1$str$ptr + 3424804\n9   chromedriver                        0x0000000100e5586c cxxbridge1$str$ptr + 3308996\n10  chromedriver                        0x0000000100e7258c cxxbridge1$str$ptr + 3427044\n11  chromedriver                        0x0000000100e4709c cxxbridge1$str$ptr + 3249652\n12  chromedriver                        0x0000000100e8c4b8 cxxbridge1$str$ptr + 3533328\n13  chromedriver                        0x0000000100e8c634 cxxbridge1$str$ptr + 3533708\n14  chromedriver                        0x0000000100e9b648 cxxbridge1$str$ptr + 3595168\n15  libsystem_pthread.dylib             0x000000018893ef94 _pthread_start + 136\n16  libsystem_pthread.dylib             0x0000000188939d34 thread_start + 8\n"}} | headers=HTTPHeaderDict({'Content-Length': '1732', 'Content-Type': 'application/json; charset=utf-8', 'cache-control': 'no-cache'})
DEBUG:selenium.webdriver.remote.remote_connection:Finished Request
DEBUG:selenium.webdriver.remote.remote_connection:POST http://localhost:52791/session/41b44a5610ace5aaf0bc95eec4350455/element {'using': 'css selector', 'value': '.button.text-xs.lg\\:w\\[170px\\]'}
DEBUG:urllib3.connectionpool:http://localhost:52791 "POST /session/41b44a5610ace5aaf0bc95eec4350455/element HTTP/1.1" 404 0
DEBUG:selenium.webdriver.remote.remote_connection:Remote response: status=404 | data={"value":{"error":"no such element","message":"no such element: Unable to locate element: {\"method\":\"css selector\",\"selector\":\".button.text-xs.lg\\:w\\[170px\\]\"}\n  (Session info: chrome=131.0.6778.205)","stacktrace":"0   chromedriver                        0x0000000100ea3184 cxxbridge1$str$ptr + 3626716\n1   chromedriver                        0x0000000100e9b9d4 cxxbridge1$str$ptr + 3596076\n2   chromedriver                        0x0000000100908968 cxxbridge1$string$len + 89228\n3   chromedriver                        0x000000010094cd50 cxxbridge1$string$len + 368756\n4   chromedriver                        0x00000001009865b4 cxxbridge1$string$len + 604376\n5   chromedriver                        0x0000000100941568 cxxbridge1$string$len + 321676\n6   chromedriver                        0x00000001009421b8 cxxbridge1$string$len + 324828\n7   chromedriver                        0x0000000100e6e9ac cxxbridge1$str$ptr + 3411716\n8   chromedriver                        0x0000000100e71ccc cxxbridge1$str$ptr + 3424804\n9   chromedriver                        0x0000000100e5586c cxxbridge1$str$ptr + 3308996\n10  chromedriver                        0x0000000100e7258c cxxbridge1$str$ptr + 3427044\n11  chromedriver                        0x0000000100e4709c cxxbridge1$str$ptr + 3249652\n12  chromedriver                        0x0000000100e8c4b8 cxxbridge1$str$ptr + 3533328\n13  chromedriver                        0x0000000100e8c634 cxxbridge1$str$ptr + 3533708\n14  chromedriver                        0x0000000100e9b648 cxxbridge1$str$ptr + 3595168\n15  libsystem_pthread.dylib             0x000000018893ef94 _pthread_start + 136\n16  libsystem_pthread.dylib             0x0000000188939d34 thread_start + 8\n"}} | headers=HTTPHeaderDict({'Content-Length': '1732', 'Content-Type': 'application/json; charset=utf-8', 'cache-control': 'no-cache'})
DEBUG:selenium.webdriver.remote.remote_connection:Finished Request
DEBUG:selenium.webdriver.remote.remote_connection:POST http://localhost:52791/session/41b44a5610ace5aaf0bc95eec4350455/element {'using': 'css selector', 'value': '.button.text-xs.lg\\:w\\[170px\\]'}
DEBUG:urllib3.connectionpool:http://localhost:52791 "POST /session/41b44a5610ace5aaf0bc95eec4350455/element HTTP/1.1" 404 0
DEBUG:selenium.webdriver.remote.remote_connection:Remote response: status=404 | data={"value":{"error":"no such element","message":"no such element: Unable to locate element: {\"method\":\"css selector\",\"selector\":\".button.text-xs.lg\\:w\\[170px\\]\"}\n  (Session info: chrome=131.0.6778.205)","stacktrace":"0   chromedriver                        0x0000000100ea3184 cxxbridge1$str$ptr + 3626716\n1   chromedriver                        0x0000000100e9b9d4 cxxbridge1$str$ptr + 3596076\n2   chromedriver                        0x0000000100908968 cxxbridge1$string$len + 89228\n3   chromedriver                        0x000000010094cd50 cxxbridge1$string$len + 368756\n4   chromedriver                        0x00000001009865b4 cxxbridge1$string$len + 604376\n5   chromedriver                        0x0000000100941568 cxxbridge1$string$len + 321676\n6   chromedriver                        0x00000001009421b8 cxxbridge1$string$len + 324828\n7   chromedriver                        0x0000000100e6e9ac cxxbridge1$str$ptr + 3411716\n8   chromedriver                        0x0000000100e71ccc cxxbridge1$str$ptr + 3424804\n9   chromedriver                        0x0000000100e5586c cxxbridge1$str$ptr + 3308996\n10  chromedriver                        0x0000000100e7258c cxxbridge1$str$ptr + 3427044\n11  chromedriver                        0x0000000100e4709c cxxbridge1$str$ptr + 3249652\n12  chromedriver                        0x0000000100e8c4b8 cxxbridge1$str$ptr + 3533328\n13  chromedriver                        0x0000000100e8c634 cxxbridge1$str$ptr + 3533708\n14  chromedriver                        0x0000000100e9b648 cxxbridge1$str$ptr + 3595168\n15  libsystem_pthread.dylib             0x000000018893ef94 _pthread_start + 136\n16  libsystem_pthread.dylib             0x0000000188939d34 thread_start + 8\n"}} | headers=HTTPHeaderDict({'Content-Length': '1732', 'Content-Type': 'application/json; charset=utf-8', 'cache-control': 'no-cache'})
DEBUG:selenium.webdriver.remote.remote_connection:Finished Request
DEBUG:selenium.webdriver.remote.remote_connection:POST http://localhost:52791/session/41b44a5610ace5aaf0bc95eec4350455/element {'using': 'css selector', 'value': '.button.text-xs.lg\\:w\\[170px\\]'}
DEBUG:urllib3.connectionpool:http://localhost:52791 "POST /session/41b44a5610ace5aaf0bc95eec4350455/element HTTP/1.1" 404 0
DEBUG:selenium.webdriver.remote.remote_connection:Remote response: status=404 | data={"value":{"error":"no such element","message":"no such element: Unable to locate element: {\"method\":\"css selector\",\"selector\":\".button.text-xs.lg\\:w\\[170px\\]\"}\n  (Session info: chrome=131.0.6778.205)","stacktrace":"0   chromedriver                        0x0000000100ea3184 cxxbridge1$str$ptr + 3626716\n1   chromedriver                        0x0000000100e9b9d4 cxxbridge1$str$ptr + 3596076\n2   chromedriver                        0x0000000100908968 cxxbridge1$string$len + 89228\n3   chromedriver                        0x000000010094cd50 cxxbridge1$string$len + 368756\n4   chromedriver                        0x00000001009865b4 cxxbridge1$string$len + 604376\n5   chromedriver                        0x0000000100941568 cxxbridge1$string$len + 321676\n6   chromedriver                        0x00000001009421b8 cxxbridge1$string$len + 324828\n7   chromedriver                        0x0000000100e6e9ac cxxbridge1$str$ptr + 3411716\n8   chromedriver                        0x0000000100e71ccc cxxbridge1$str$ptr + 3424804\n9   chromedriver                        0x0000000100e5586c cxxbridge1$str$ptr + 3308996\n10  chromedriver                        0x0000000100e7258c cxxbridge1$str$ptr + 3427044\n11  chromedriver                        0x0000000100e4709c cxxbridge1$str$ptr + 3249652\n12  chromedriver                        0x0000000100e8c4b8 cxxbridge1$str$ptr + 3533328\n13  chromedriver                        0x0000000100e8c634 cxxbridge1$str$ptr + 3533708\n14  chromedriver                        0x0000000100e9b648 cxxbridge1$str$ptr + 3595168\n15  libsystem_pthread.dylib             0x000000018893ef94 _pthread_start + 136\n16  libsystem_pthread.dylib             0x0000000188939d34 thread_start + 8\n"}} | headers=HTTPHeaderDict({'Content-Length': '1732', 'Content-Type': 'application/json; charset=utf-8', 'cache-control': 'no-cache'})
DEBUG:selenium.webdriver.remote.remote_connection:Finished Request
DEBUG:selenium.webdriver.remote.remote_connection:POST http://localhost:52791/session/41b44a5610ace5aaf0bc95eec4350455/element {'using': 'css selector', 'value': '.button.text-xs.lg\\:w\\[170px\\]'}
DEBUG:urllib3.connectionpool:http://localhost:52791 "POST /session/41b44a5610ace5aaf0bc95eec4350455/element HTTP/1.1" 404 0
DEBUG:selenium.webdriver.remote.remote_connection:Remote response: status=404 | data={"value":{"error":"no such element","message":"no such element: Unable to locate element: {\"method\":\"css selector\",\"selector\":\".button.text-xs.lg\\:w\\[170px\\]\"}\n  (Session info: chrome=131.0.6778.205)","stacktrace":"0   chromedriver                        0x0000000100ea3184 cxxbridge1$str$ptr + 3626716\n1   chromedriver                        0x0000000100e9b9d4 cxxbridge1$str$ptr + 3596076\n2   chromedriver                        0x0000000100908968 cxxbridge1$string$len + 89228\n3   chromedriver                        0x000000010094cd50 cxxbridge1$string$len + 368756\n4   chromedriver                        0x00000001009865b4 cxxbridge1$string$len + 604376\n5   chromedriver                        0x0000000100941568 cxxbridge1$string$len + 321676\n6   chromedriver                        0x00000001009421b8 cxxbridge1$string$len + 324828\n7   chromedriver                        0x0000000100e6e9ac cxxbridge1$str$ptr + 3411716\n8   chromedriver                        0x0000000100e71ccc cxxbridge1$str$ptr + 3424804\n9   chromedriver                        0x0000000100e5586c cxxbridge1$str$ptr + 3308996\n10  chromedriver                        0x0000000100e7258c cxxbridge1$str$ptr + 3427044\n11  chromedriver                        0x0000000100e4709c cxxbridge1$str$ptr + 3249652\n12  chromedriver                        0x0000000100e8c4b8 cxxbridge1$str$ptr + 3533328\n13  chromedriver                        0x0000000100e8c634 cxxbridge1$str$ptr + 3533708\n14  chromedriver                        0x0000000100e9b648 cxxbridge1$str$ptr + 3595168\n15  libsystem_pthread.dylib             0x000000018893ef94 _pthread_start + 136\n16  libsystem_pthread.dylib             0x0000000188939d34 thread_start + 8\n"}} | headers=HTTPHeaderDict({'Content-Length': '1732', 'Content-Type': 'application/json; charset=utf-8', 'cache-control': 'no-cache'})
DEBUG:selenium.webdriver.remote.remote_connection:Finished Request
DEBUG:selenium.webdriver.remote.remote_connection:POST http://localhost:52791/session/41b44a5610ace5aaf0bc95eec4350455/element {'using': 'css selector', 'value': 'button#load-more'}
DEBUG:urllib3.connectionpool:http://localhost:52791 "POST /session/41b44a5610ace5aaf0bc95eec4350455/element HTTP/1.1" 200 0
DEBUG:selenium.webdriver.remote.remote_connection:Remote response: status=200 | data={"value":{"element-6066-11e4-a52e-4f735466cecf":"f.4743D8E8246FB32CFE843D863034F9D7.d.E997FA675F7B6165E98C0CEC5A1CD454.e.7756"}} | headers=HTTPHeaderDict({'Content-Length': '128', 'Content-Type': 'application/json; charset=utf-8', 'cache-control': 'no-cache'})
DEBUG:selenium.webdriver.remote.remote_connection:Finished Request
DEBUG:selenium.webdriver.remote.remote_connection:POST http://localhost:52791/session/41b44a5610ace5aaf0bc95eec4350455/execute/sync {'script': '/* isDisplayed */return (function(){return (function(){var g=this||self;\nfunction aa(a){var b=typeof...', 'args': [{'element-6066-11e4-a52e-4f735466cecf': 'f.4743D8E8246FB32CFE843D863034F9D7.d.E997FA675F7B6165E98C0CEC5A1CD454.e.7756'}]}
DEBUG:urllib3.connectionpool:http://localhost:52791 "POST /session/41b44a5610ace5aaf0bc95eec4350455/execute/sync HTTP/1.1" 200 0
DEBUG:selenium.webdriver.remote.remote_connection:Remote response: status=200 | data={"value":false} | headers=HTTPHeaderDict({'Content-Length': '15', 'Content-Type': 'application/json; charset=utf-8', 'cache-control': 'no-cache'})
DEBUG:selenium.webdriver.remote.remote_connection:Finished Request
DEBUG:selenium.webdriver.remote.remote_connection:POST http://localhost:52791/session/41b44a5610ace5aaf0bc95eec4350455/element {'using': 'css selector', 'value': 'button#load-more'}
DEBUG:urllib3.connectionpool:http://localhost:52791 "POST /session/41b44a5610ace5aaf0bc95eec4350455/element HTTP/1.1" 200 0
DEBUG:selenium.webdriver.remote.remote_connection:Remote response: status=200 | data={"value":{"element-6066-11e4-a52e-4f735466cecf":"f.4743D8E8246FB32CFE843D863034F9D7.d.E997FA675F7B6165E98C0CEC5A1CD454.e.7756"}} | headers=HTTPHeaderDict({'Content-Length': '128', 'Content-Type': 'application/json; charset=utf-8', 'cache-control': 'no-cache'})
DEBUG:selenium.webdriver.remote.remote_connection:Finished Request
DEBUG:selenium.webdriver.remote.remote_connection:POST http://localhost:52791/session/41b44a5610ace5aaf0bc95eec4350455/execute/sync {'script': '/* isDisplayed */return (function(){return (function(){var g=this||self;\nfunction aa(a){var b=typeof...', 'args': [{'element-6066-11e4-a52e-4f735466cecf': 'f.4743D8E8246FB32CFE843D863034F9D7.d.E997FA675F7B6165E98C0CEC5A1CD454.e.7756'}]}
DEBUG:urllib3.connectionpool:http://localhost:52791 "POST /session/41b44a5610ace5aaf0bc95eec4350455/execute/sync HTTP/1.1" 200 0
DEBUG:selenium.webdriver.remote.remote_connection:Remote response: status=200 | data={"value":false} | headers=HTTPHeaderDict({'Content-Length': '15', 'Content-Type': 'application/json; charset=utf-8', 'cache-control': 'no-cache'})
DEBUG:selenium.webdriver.remote.remote_connection:Finished Request
DEBUG:selenium.webdriver.remote.remote_connection:POST http://localhost:52791/session/41b44a5610ace5aaf0bc95eec4350455/element {'using': 'css selector', 'value': 'button#load-more'}
DEBUG:urllib3.connectionpool:http://localhost:52791 "POST /session/41b44a5610ace5aaf0bc95eec4350455/element HTTP/1.1" 200 0
DEBUG:selenium.webdriver.remote.remote_connection:Remote response: status=200 | data={"value":{"element-6066-11e4-a52e-4f735466cecf":"f.4743D8E8246FB32CFE843D863034F9D7.d.E997FA675F7B6165E98C0CEC5A1CD454.e.7756"}} | headers=HTTPHeaderDict({'Content-Length': '128', 'Content-Type': 'application/json; charset=utf-8', 'cache-control': 'no-cache'})
DEBUG:selenium.webdriver.remote.remote_connection:Finished Request
DEBUG:selenium.webdriver.remote.remote_connection:POST http://localhost:52791/session/41b44a5610ace5aaf0bc95eec4350455/execute/sync {'script': '/* isDisplayed */return (function(){return (function(){var g=this||self;\nfunction aa(a){var b=typeof...', 'args': [{'element-6066-11e4-a52e-4f735466cecf': 'f.4743D8E8246FB32CFE843D863034F9D7.d.E997FA675F7B6165E98C0CEC5A1CD454.e.7756'}]}
DEBUG:urllib3.connectionpool:http://localhost:52791 "POST /session/41b44a5610ace5aaf0bc95eec4350455/execute/sync HTTP/1.1" 200 0
DEBUG:selenium.webdriver.remote.remote_connection:Remote response: status=200 | data={"value":false} | headers=HTTPHeaderDict({'Content-Length': '15', 'Content-Type': 'application/json; charset=utf-8', 'cache-control': 'no-cache'})
DEBUG:selenium.webdriver.remote.remote_connection:Finished Request
DEBUG:selenium.webdriver.remote.remote_connection:POST http://localhost:52791/session/41b44a5610ace5aaf0bc95eec4350455/element {'using': 'css selector', 'value': 'button#load-more'}
DEBUG:urllib3.connectionpool:http://localhost:52791 "POST /session/41b44a5610ace5aaf0bc95eec4350455/element HTTP/1.1" 200 0
DEBUG:selenium.webdriver.remote.remote_connection:Remote response: status=200 | data={"value":{"element-6066-11e4-a52e-4f735466cecf":"f.4743D8E8246FB32CFE843D863034F9D7.d.E997FA675F7B6165E98C0CEC5A1CD454.e.7756"}} | headers=HTTPHeaderDict({'Content-Length': '128', 'Content-Type': 'application/json; charset=utf-8', 'cache-control': 'no-cache'})
DEBUG:selenium.webdriver.remote.remote_connection:Finished Request
DEBUG:selenium.webdriver.remote.remote_connection:POST http://localhost:52791/session/41b44a5610ace5aaf0bc95eec4350455/execute/sync {'script': '/* isDisplayed */return (function(){return (function(){var g=this||self;\nfunction aa(a){var b=typeof...', 'args': [{'element-6066-11e4-a52e-4f735466cecf': 'f.4743D8E8246FB32CFE843D863034F9D7.d.E997FA675F7B6165E98C0CEC5A1CD454.e.7756'}]}
DEBUG:urllib3.connectionpool:http://localhost:52791 "POST /session/41b44a5610ace5aaf0bc95eec4350455/execute/sync HTTP/1.1" 200 0
DEBUG:selenium.webdriver.remote.remote_connection:Remote response: status=200 | data={"value":false} | headers=HTTPHeaderDict({'Content-Length': '15', 'Content-Type': 'application/json; charset=utf-8', 'cache-control': 'no-cache'})
DEBUG:selenium.webdriver.remote.remote_connection:Finished Request
DEBUG:selenium.webdriver.remote.remote_connection:POST http://localhost:52791/session/41b44a5610ace5aaf0bc95eec4350455/element {'using': 'css selector', 'value': 'button#load-more'}
DEBUG:urllib3.connectionpool:http://localhost:52791 "POST /session/41b44a5610ace5aaf0bc95eec4350455/element HTTP/1.1" 200 0
DEBUG:selenium.webdriver.remote.remote_connection:Remote response: status=200 | data={"value":{"element-6066-11e4-a52e-4f735466cecf":"f.4743D8E8246FB32CFE843D863034F9D7.d.E997FA675F7B6165E98C0CEC5A1CD454.e.7756"}} | headers=HTTPHeaderDict({'Content-Length': '128', 'Content-Type': 'application/json; charset=utf-8', 'cache-control': 'no-cache'})
DEBUG:selenium.webdriver.remote.remote_connection:Finished Request
DEBUG:selenium.webdriver.remote.remote_connection:POST http://localhost:52791/session/41b44a5610ace5aaf0bc95eec4350455/execute/sync {'script': '/* isDisplayed */return (function(){return (function(){var g=this||self;\nfunction aa(a){var b=typeof...', 'args': [{'element-6066-11e4-a52e-4f735466cecf': 'f.4743D8E8246FB32CFE843D863034F9D7.d.E997FA675F7B6165E98C0CEC5A1CD454.e.7756'}]}
DEBUG:urllib3.connectionpool:http://localhost:52791 "POST /session/41b44a5610ace5aaf0bc95eec4350455/execute/sync HTTP/1.1" 200 0
DEBUG:selenium.webdriver.remote.remote_connection:Remote response: status=200 | data={"value":false} | headers=HTTPHeaderDict({'Content-Length': '15', 'Content-Type': 'application/json; charset=utf-8', 'cache-control': 'no-cache'})
DEBUG:selenium.webdriver.remote.remote_connection:Finished Request
DEBUG:selenium.webdriver.remote.remote_connection:POST http://localhost:52791/session/41b44a5610ace5aaf0bc95eec4350455/element {'using': 'css selector', 'value': 'button#load-more'}
DEBUG:urllib3.connectionpool:http://localhost:52791 "POST /session/41b44a5610ace5aaf0bc95eec4350455/element HTTP/1.1" 200 0
DEBUG:selenium.webdriver.remote.remote_connection:Remote response: status=200 | data={"value":{"element-6066-11e4-a52e-4f735466cecf":"f.4743D8E8246FB32CFE843D863034F9D7.d.E997FA675F7B6165E98C0CEC5A1CD454.e.7756"}} | headers=HTTPHeaderDict({'Content-Length': '128', 'Content-Type': 'application/json; charset=utf-8', 'cache-control': 'no-cache'})
DEBUG:selenium.webdriver.remote.remote_connection:Finished Request
DEBUG:selenium.webdriver.remote.remote_connection:POST http://localhost:52791/session/41b44a5610ace5aaf0bc95eec4350455/execute/sync {'script': '/* isDisplayed */return (function(){return (function(){var g=this||self;\nfunction aa(a){var b=typeof...', 'args': [{'element-6066-11e4-a52e-4f735466cecf': 'f.4743D8E8246FB32CFE843D863034F9D7.d.E997FA675F7B6165E98C0CEC5A1CD454.e.7756'}]}
DEBUG:urllib3.connectionpool:http://localhost:52791 "POST /session/41b44a5610ace5aaf0bc95eec4350455/execute/sync HTTP/1.1" 200 0
DEBUG:selenium.webdriver.remote.remote_connection:Remote response: status=200 | data={"value":false} | headers=HTTPHeaderDict({'Content-Length': '15', 'Content-Type': 'application/json; charset=utf-8', 'cache-control': 'no-cache'})
DEBUG:selenium.webdriver.remote.remote_connection:Finished Request
DEBUG:selenium.webdriver.remote.remote_connection:POST http://localhost:52791/session/41b44a5610ace5aaf0bc95eec4350455/element {'using': 'css selector', 'value': 'button#load-more'}
DEBUG:urllib3.connectionpool:http://localhost:52791 "POST /session/41b44a5610ace5aaf0bc95eec4350455/element HTTP/1.1" 200 0
DEBUG:selenium.webdriver.remote.remote_connection:Remote response: status=200 | data={"value":{"element-6066-11e4-a52e-4f735466cecf":"f.4743D8E8246FB32CFE843D863034F9D7.d.E997FA675F7B6165E98C0CEC5A1CD454.e.7756"}} | headers=HTTPHeaderDict({'Content-Length': '128', 'Content-Type': 'application/json; charset=utf-8', 'cache-control': 'no-cache'})
DEBUG:selenium.webdriver.remote.remote_connection:Finished Request
DEBUG:selenium.webdriver.remote.remote_connection:POST http://localhost:52791/session/41b44a5610ace5aaf0bc95eec4350455/execute/sync {'script': '/* isDisplayed */return (function(){return (function(){var g=this||self;\nfunction aa(a){var b=typeof...', 'args': [{'element-6066-11e4-a52e-4f735466cecf': 'f.4743D8E8246FB32CFE843D863034F9D7.d.E997FA675F7B6165E98C0CEC5A1CD454.e.7756'}]}
DEBUG:urllib3.connectionpool:http://localhost:52791 "POST /session/41b44a5610ace5aaf0bc95eec4350455/execute/sync HTTP/1.1" 200 0
DEBUG:selenium.webdriver.remote.remote_connection:Remote response: status=200 | data={"value":false} | headers=HTTPHeaderDict({'Content-Length': '15', 'Content-Type': 'application/json; charset=utf-8', 'cache-control': 'no-cache'})
DEBUG:selenium.webdriver.remote.remote_connection:Finished Request
DEBUG:selenium.webdriver.remote.remote_connection:POST http://localhost:52791/session/41b44a5610ace5aaf0bc95eec4350455/element {'using': 'css selector', 'value': 'button#load-more'}
DEBUG:urllib3.connectionpool:http://localhost:52791 "POST /session/41b44a5610ace5aaf0bc95eec4350455/element HTTP/1.1" 200 0
DEBUG:selenium.webdriver.remote.remote_connection:Remote response: status=200 | data={"value":{"element-6066-11e4-a52e-4f735466cecf":"f.4743D8E8246FB32CFE843D863034F9D7.d.E997FA675F7B6165E98C0CEC5A1CD454.e.7756"}} | headers=HTTPHeaderDict({'Content-Length': '128', 'Content-Type': 'application/json; charset=utf-8', 'cache-control': 'no-cache'})
DEBUG:selenium.webdriver.remote.remote_connection:Finished Request
DEBUG:selenium.webdriver.remote.remote_connection:POST http://localhost:52791/session/41b44a5610ace5aaf0bc95eec4350455/execute/sync {'script': '/* isDisplayed */return (function(){return (function(){var g=this||self;\nfunction aa(a){var b=typeof...', 'args': [{'element-6066-11e4-a52e-4f735466cecf': 'f.4743D8E8246FB32CFE843D863034F9D7.d.E997FA675F7B6165E98C0CEC5A1CD454.e.7756'}]}
DEBUG:urllib3.connectionpool:http://localhost:52791 "POST /session/41b44a5610ace5aaf0bc95eec4350455/execute/sync HTTP/1.1" 200 0
DEBUG:selenium.webdriver.remote.remote_connection:Remote response: status=200 | data={"value":false} | headers=HTTPHeaderDict({'Content-Length': '15', 'Content-Type': 'application/json; charset=utf-8', 'cache-control': 'no-cache'})
DEBUG:selenium.webdriver.remote.remote_connection:Finished Request
DEBUG:selenium.webdriver.remote.remote_connection:POST http://localhost:52791/session/41b44a5610ace5aaf0bc95eec4350455/element {'using': 'css selector', 'value': 'button#load-more'}
DEBUG:urllib3.connectionpool:http://localhost:52791 "POST /session/41b44a5610ace5aaf0bc95eec4350455/element HTTP/1.1" 200 0
DEBUG:selenium.webdriver.remote.remote_connection:Remote response: status=200 | data={"value":{"element-6066-11e4-a52e-4f735466cecf":"f.4743D8E8246FB32CFE843D863034F9D7.d.E997FA675F7B6165E98C0CEC5A1CD454.e.7756"}} | headers=HTTPHeaderDict({'Content-Length': '128', 'Content-Type': 'application/json; charset=utf-8', 'cache-control': 'no-cache'})
DEBUG:selenium.webdriver.remote.remote_connection:Finished Request
DEBUG:selenium.webdriver.remote.remote_connection:POST http://localhost:52791/session/41b44a5610ace5aaf0bc95eec4350455/execute/sync {'script': '/* isDisplayed */return (function(){return (function(){var g=this||self;\nfunction aa(a){var b=typeof...', 'args': [{'element-6066-11e4-a52e-4f735466cecf': 'f.4743D8E8246FB32CFE843D863034F9D7.d.E997FA675F7B6165E98C0CEC5A1CD454.e.7756'}]}
DEBUG:urllib3.connectionpool:http://localhost:52791 "POST /session/41b44a5610ace5aaf0bc95eec4350455/execute/sync HTTP/1.1" 200 0
DEBUG:selenium.webdriver.remote.remote_connection:Remote response: status=200 | data={"value":false} | headers=HTTPHeaderDict({'Content-Length': '15', 'Content-Type': 'application/json; charset=utf-8', 'cache-control': 'no-cache'})
DEBUG:selenium.webdriver.remote.remote_connection:Finished Request
DEBUG:selenium.webdriver.remote.remote_connection:POST http://localhost:52791/session/41b44a5610ace5aaf0bc95eec4350455/element {'using': 'css selector', 'value': 'button#load-more'}
DEBUG:urllib3.connectionpool:http://localhost:52791 "POST /session/41b44a5610ace5aaf0bc95eec4350455/element HTTP/1.1" 200 0
DEBUG:selenium.webdriver.remote.remote_connection:Remote response: status=200 | data={"value":{"element-6066-11e4-a52e-4f735466cecf":"f.4743D8E8246FB32CFE843D863034F9D7.d.E997FA675F7B6165E98C0CEC5A1CD454.e.7756"}} | headers=HTTPHeaderDict({'Content-Length': '128', 'Content-Type': 'application/json; charset=utf-8', 'cache-control': 'no-cache'})
DEBUG:selenium.webdriver.remote.remote_connection:Finished Request
DEBUG:selenium.webdriver.remote.remote_connection:POST http://localhost:52791/session/41b44a5610ace5aaf0bc95eec4350455/execute/sync {'script': '/* isDisplayed */return (function(){return (function(){var g=this||self;\nfunction aa(a){var b=typeof...', 'args': [{'element-6066-11e4-a52e-4f735466cecf': 'f.4743D8E8246FB32CFE843D863034F9D7.d.E997FA675F7B6165E98C0CEC5A1CD454.e.7756'}]}
DEBUG:urllib3.connectionpool:http://localhost:52791 "POST /session/41b44a5610ace5aaf0bc95eec4350455/execute/sync HTTP/1.1" 200 0
DEBUG:selenium.webdriver.remote.remote_connection:Remote response: status=200 | data={"value":false} | headers=HTTPHeaderDict({'Content-Length': '15', 'Content-Type': 'application/json; charset=utf-8', 'cache-control': 'no-cache'})
DEBUG:selenium.webdriver.remote.remote_connection:Finished Request
DEBUG:selenium.webdriver.remote.remote_connection:POST http://localhost:52791/session/41b44a5610ace5aaf0bc95eec4350455/element {'using': 'css selector', 'value': 'button#load-more'}
DEBUG:urllib3.connectionpool:http://localhost:52791 "POST /session/41b44a5610ace5aaf0bc95eec4350455/element HTTP/1.1" 200 0
DEBUG:selenium.webdriver.remote.remote_connection:Remote response: status=200 | data={"value":{"element-6066-11e4-a52e-4f735466cecf":"f.4743D8E8246FB32CFE843D863034F9D7.d.E997FA675F7B6165E98C0CEC5A1CD454.e.7756"}} | headers=HTTPHeaderDict({'Content-Length': '128', 'Content-Type': 'application/json; charset=utf-8', 'cache-control': 'no-cache'})
DEBUG:selenium.webdriver.remote.remote_connection:Finished Request
DEBUG:selenium.webdriver.remote.remote_connection:POST http://localhost:52791/session/41b44a5610ace5aaf0bc95eec4350455/execute/sync {'script': '/* isDisplayed */return (function(){return (function(){var g=this||self;\nfunction aa(a){var b=typeof...', 'args': [{'element-6066-11e4-a52e-4f735466cecf': 'f.4743D8E8246FB32CFE843D863034F9D7.d.E997FA675F7B6165E98C0CEC5A1CD454.e.7756'}]}
DEBUG:urllib3.connectionpool:http://localhost:52791 "POST /session/41b44a5610ace5aaf0bc95eec4350455/execute/sync HTTP/1.1" 200 0
DEBUG:selenium.webdriver.remote.remote_connection:Remote response: status=200 | data={"value":false} | headers=HTTPHeaderDict({'Content-Length': '15', 'Content-Type': 'application/json; charset=utf-8', 'cache-control': 'no-cache'})
DEBUG:selenium.webdriver.remote.remote_connection:Finished Request
DEBUG:selenium.webdriver.remote.remote_connection:POST http://localhost:52791/session/41b44a5610ace5aaf0bc95eec4350455/element {'using': 'css selector', 'value': 'button#load-more'}
DEBUG:urllib3.connectionpool:http://localhost:52791 "POST /session/41b44a5610ace5aaf0bc95eec4350455/element HTTP/1.1" 200 0
DEBUG:selenium.webdriver.remote.remote_connection:Remote response: status=200 | data={"value":{"element-6066-11e4-a52e-4f735466cecf":"f.4743D8E8246FB32CFE843D863034F9D7.d.E997FA675F7B6165E98C0CEC5A1CD454.e.7756"}} | headers=HTTPHeaderDict({'Content-Length': '128', 'Content-Type': 'application/json; charset=utf-8', 'cache-control': 'no-cache'})
DEBUG:selenium.webdriver.remote.remote_connection:Finished Request
DEBUG:selenium.webdriver.remote.remote_connection:POST http://localhost:52791/session/41b44a5610ace5aaf0bc95eec4350455/execute/sync {'script': '/* isDisplayed */return (function(){return (function(){var g=this||self;\nfunction aa(a){var b=typeof...', 'args': [{'element-6066-11e4-a52e-4f735466cecf': 'f.4743D8E8246FB32CFE843D863034F9D7.d.E997FA675F7B6165E98C0CEC5A1CD454.e.7756'}]}
DEBUG:urllib3.connectionpool:http://localhost:52791 "POST /session/41b44a5610ace5aaf0bc95eec4350455/execute/sync HTTP/1.1" 200 0
DEBUG:selenium.webdriver.remote.remote_connection:Remote response: status=200 | data={"value":false} | headers=HTTPHeaderDict({'Content-Length': '15', 'Content-Type': 'application/json; charset=utf-8', 'cache-control': 'no-cache'})
DEBUG:selenium.webdriver.remote.remote_connection:Finished Request
DEBUG:selenium.webdriver.remote.remote_connection:POST http://localhost:52791/session/41b44a5610ace5aaf0bc95eec4350455/element {'using': 'css selector', 'value': 'button#load-more'}
DEBUG:urllib3.connectionpool:http://localhost:52791 "POST /session/41b44a5610ace5aaf0bc95eec4350455/element HTTP/1.1" 200 0
DEBUG:selenium.webdriver.remote.remote_connection:Remote response: status=200 | data={"value":{"element-6066-11e4-a52e-4f735466cecf":"f.4743D8E8246FB32CFE843D863034F9D7.d.E997FA675F7B6165E98C0CEC5A1CD454.e.7756"}} | headers=HTTPHeaderDict({'Content-Length': '128', 'Content-Type': 'application/json; charset=utf-8', 'cache-control': 'no-cache'})
DEBUG:selenium.webdriver.remote.remote_connection:Finished Request
DEBUG:selenium.webdriver.remote.remote_connection:POST http://localhost:52791/session/41b44a5610ace5aaf0bc95eec4350455/execute/sync {'script': '/* isDisplayed */return (function(){return (function(){var g=this||self;\nfunction aa(a){var b=typeof...', 'args': [{'element-6066-11e4-a52e-4f735466cecf': 'f.4743D8E8246FB32CFE843D863034F9D7.d.E997FA675F7B6165E98C0CEC5A1CD454.e.7756'}]}
DEBUG:urllib3.connectionpool:http://localhost:52791 "POST /session/41b44a5610ace5aaf0bc95eec4350455/execute/sync HTTP/1.1" 200 0
DEBUG:selenium.webdriver.remote.remote_connection:Remote response: status=200 | data={"value":false} | headers=HTTPHeaderDict({'Content-Length': '15', 'Content-Type': 'application/json; charset=utf-8', 'cache-control': 'no-cache'})
DEBUG:selenium.webdriver.remote.remote_connection:Finished Request
DEBUG:selenium.webdriver.remote.remote_connection:POST http://localhost:52791/session/41b44a5610ace5aaf0bc95eec4350455/element {'using': 'css selector', 'value': 'button#load-more'}
DEBUG:urllib3.connectionpool:http://localhost:52791 "POST /session/41b44a5610ace5aaf0bc95eec4350455/element HTTP/1.1" 200 0
DEBUG:selenium.webdriver.remote.remote_connection:Remote response: status=200 | data={"value":{"element-6066-11e4-a52e-4f735466cecf":"f.4743D8E8246FB32CFE843D863034F9D7.d.E997FA675F7B6165E98C0CEC5A1CD454.e.7756"}} | headers=HTTPHeaderDict({'Content-Length': '128', 'Content-Type': 'application/json; charset=utf-8', 'cache-control': 'no-cache'})
DEBUG:selenium.webdriver.remote.remote_connection:Finished Request
DEBUG:selenium.webdriver.remote.remote_connection:POST http://localhost:52791/session/41b44a5610ace5aaf0bc95eec4350455/execute/sync {'script': '/* isDisplayed */return (function(){return (function(){var g=this||self;\nfunction aa(a){var b=typeof...', 'args': [{'element-6066-11e4-a52e-4f735466cecf': 'f.4743D8E8246FB32CFE843D863034F9D7.d.E997FA675F7B6165E98C0CEC5A1CD454.e.7756'}]}
DEBUG:urllib3.connectionpool:http://localhost:52791 "POST /session/41b44a5610ace5aaf0bc95eec4350455/execute/sync HTTP/1.1" 200 0
DEBUG:selenium.webdriver.remote.remote_connection:Remote response: status=200 | data={"value":false} | headers=HTTPHeaderDict({'Content-Length': '15', 'Content-Type': 'application/json; charset=utf-8', 'cache-control': 'no-cache'})
DEBUG:selenium.webdriver.remote.remote_connection:Finished Request
DEBUG:selenium.webdriver.remote.remote_connection:POST http://localhost:52791/session/41b44a5610ace5aaf0bc95eec4350455/element {'using': 'css selector', 'value': 'button#load-more'}
DEBUG:urllib3.connectionpool:http://localhost:52791 "POST /session/41b44a5610ace5aaf0bc95eec4350455/element HTTP/1.1" 200 0
DEBUG:selenium.webdriver.remote.remote_connection:Remote response: status=200 | data={"value":{"element-6066-11e4-a52e-4f735466cecf":"f.4743D8E8246FB32CFE843D863034F9D7.d.E997FA675F7B6165E98C0CEC5A1CD454.e.7756"}} | headers=HTTPHeaderDict({'Content-Length': '128', 'Content-Type': 'application/json; charset=utf-8', 'cache-control': 'no-cache'})
DEBUG:selenium.webdriver.remote.remote_connection:Finished Request
DEBUG:selenium.webdriver.remote.remote_connection:POST http://localhost:52791/session/41b44a5610ace5aaf0bc95eec4350455/execute/sync {'script': '/* isDisplayed */return (function(){return (function(){var g=this||self;\nfunction aa(a){var b=typeof...', 'args': [{'element-6066-11e4-a52e-4f735466cecf': 'f.4743D8E8246FB32CFE843D863034F9D7.d.E997FA675F7B6165E98C0CEC5A1CD454.e.7756'}]}
DEBUG:urllib3.connectionpool:http://localhost:52791 "POST /session/41b44a5610ace5aaf0bc95eec4350455/execute/sync HTTP/1.1" 200 0
DEBUG:selenium.webdriver.remote.remote_connection:Remote response: status=200 | data={"value":false} | headers=HTTPHeaderDict({'Content-Length': '15', 'Content-Type': 'application/json; charset=utf-8', 'cache-control': 'no-cache'})
DEBUG:selenium.webdriver.remote.remote_connection:Finished Request
DEBUG:selenium.webdriver.remote.remote_connection:POST http://localhost:52791/session/41b44a5610ace5aaf0bc95eec4350455/element {'using': 'css selector', 'value': 'button#load-more'}
DEBUG:urllib3.connectionpool:http://localhost:52791 "POST /session/41b44a5610ace5aaf0bc95eec4350455/element HTTP/1.1" 200 0
DEBUG:selenium.webdriver.remote.remote_connection:Remote response: status=200 | data={"value":{"element-6066-11e4-a52e-4f735466cecf":"f.4743D8E8246FB32CFE843D863034F9D7.d.E997FA675F7B6165E98C0CEC5A1CD454.e.7756"}} | headers=HTTPHeaderDict({'Content-Length': '128', 'Content-Type': 'application/json; charset=utf-8', 'cache-control': 'no-cache'})
DEBUG:selenium.webdriver.remote.remote_connection:Finished Request
DEBUG:selenium.webdriver.remote.remote_connection:POST http://localhost:52791/session/41b44a5610ace5aaf0bc95eec4350455/execute/sync {'script': '/* isDisplayed */return (function(){return (function(){var g=this||self;\nfunction aa(a){var b=typeof...', 'args': [{'element-6066-11e4-a52e-4f735466cecf': 'f.4743D8E8246FB32CFE843D863034F9D7.d.E997FA675F7B6165E98C0CEC5A1CD454.e.7756'}]}
DEBUG:urllib3.connectionpool:http://localhost:52791 "POST /session/41b44a5610ace5aaf0bc95eec4350455/execute/sync HTTP/1.1" 200 0
DEBUG:selenium.webdriver.remote.remote_connection:Remote response: status=200 | data={"value":false} | headers=HTTPHeaderDict({'Content-Length': '15', 'Content-Type': 'application/json; charset=utf-8', 'cache-control': 'no-cache'})
DEBUG:selenium.webdriver.remote.remote_connection:Finished Request
DEBUG:selenium.webdriver.remote.remote_connection:POST http://localhost:52791/session/41b44a5610ace5aaf0bc95eec4350455/element {'using': 'css selector', 'value': 'button#load-more'}
DEBUG:urllib3.connectionpool:http://localhost:52791 "POST /session/41b44a5610ace5aaf0bc95eec4350455/element HTTP/1.1" 200 0
DEBUG:selenium.webdriver.remote.remote_connection:Remote response: status=200 | data={"value":{"element-6066-11e4-a52e-4f735466cecf":"f.4743D8E8246FB32CFE843D863034F9D7.d.E997FA675F7B6165E98C0CEC5A1CD454.e.7756"}} | headers=HTTPHeaderDict({'Content-Length': '128', 'Content-Type': 'application/json; charset=utf-8', 'cache-control': 'no-cache'})
DEBUG:selenium.webdriver.remote.remote_connection:Finished Request
DEBUG:selenium.webdriver.remote.remote_connection:POST http://localhost:52791/session/41b44a5610ace5aaf0bc95eec4350455/execute/sync {'script': '/* isDisplayed */return (function(){return (function(){var g=this||self;\nfunction aa(a){var b=typeof...', 'args': [{'element-6066-11e4-a52e-4f735466cecf': 'f.4743D8E8246FB32CFE843D863034F9D7.d.E997FA675F7B6165E98C0CEC5A1CD454.e.7756'}]}
DEBUG:urllib3.connectionpool:http://localhost:52791 "POST /session/41b44a5610ace5aaf0bc95eec4350455/execute/sync HTTP/1.1" 200 0
DEBUG:selenium.webdriver.remote.remote_connection:Remote response: status=200 | data={"value":false} | headers=HTTPHeaderDict({'Content-Length': '15', 'Content-Type': 'application/json; charset=utf-8', 'cache-control': 'no-cache'})
DEBUG:selenium.webdriver.remote.remote_connection:Finished Request
DEBUG:selenium.webdriver.remote.remote_connection:POST http://localhost:52791/session/41b44a5610ace5aaf0bc95eec4350455/element {'using': 'css selector', 'value': 'button#load-more'}
DEBUG:urllib3.connectionpool:http://localhost:52791 "POST /session/41b44a5610ace5aaf0bc95eec4350455/element HTTP/1.1" 200 0
DEBUG:selenium.webdriver.remote.remote_connection:Remote response: status=200 | data={"value":{"element-6066-11e4-a52e-4f735466cecf":"f.4743D8E8246FB32CFE843D863034F9D7.d.E997FA675F7B6165E98C0CEC5A1CD454.e.7756"}} | headers=HTTPHeaderDict({'Content-Length': '128', 'Content-Type': 'application/json; charset=utf-8', 'cache-control': 'no-cache'})
DEBUG:selenium.webdriver.remote.remote_connection:Finished Request
DEBUG:selenium.webdriver.remote.remote_connection:POST http://localhost:52791/session/41b44a5610ace5aaf0bc95eec4350455/execute/sync {'script': '/* isDisplayed */return (function(){return (function(){var g=this||self;\nfunction aa(a){var b=typeof...', 'args': [{'element-6066-11e4-a52e-4f735466cecf': 'f.4743D8E8246FB32CFE843D863034F9D7.d.E997FA675F7B6165E98C0CEC5A1CD454.e.7756'}]}
DEBUG:urllib3.connectionpool:http://localhost:52791 "POST /session/41b44a5610ace5aaf0bc95eec4350455/execute/sync HTTP/1.1" 200 0
DEBUG:selenium.webdriver.remote.remote_connection:Remote response: status=200 | data={"value":false} | headers=HTTPHeaderDict({'Content-Length': '15', 'Content-Type': 'application/json; charset=utf-8', 'cache-control': 'no-cache'})
DEBUG:selenium.webdriver.remote.remote_connection:Finished Request
DEBUG:selenium.webdriver.remote.remote_connection:POST http://localhost:52791/session/41b44a5610ace5aaf0bc95eec4350455/element {'using': 'css selector', 'value': 'button#load-more'}
DEBUG:urllib3.connectionpool:http://localhost:52791 "POST /session/41b44a5610ace5aaf0bc95eec4350455/element HTTP/1.1" 200 0
DEBUG:selenium.webdriver.remote.remote_connection:Remote response: status=200 | data={"value":{"element-6066-11e4-a52e-4f735466cecf":"f.4743D8E8246FB32CFE843D863034F9D7.d.E997FA675F7B6165E98C0CEC5A1CD454.e.7756"}} | headers=HTTPHeaderDict({'Content-Length': '128', 'Content-Type': 'application/json; charset=utf-8', 'cache-control': 'no-cache'})
DEBUG:selenium.webdriver.remote.remote_connection:Finished Request
DEBUG:selenium.webdriver.remote.remote_connection:POST http://localhost:52791/session/41b44a5610ace5aaf0bc95eec4350455/execute/sync {'script': '/* isDisplayed */return (function(){return (function(){var g=this||self;\nfunction aa(a){var b=typeof...', 'args': [{'element-6066-11e4-a52e-4f735466cecf': 'f.4743D8E8246FB32CFE843D863034F9D7.d.E997FA675F7B6165E98C0CEC5A1CD454.e.7756'}]}
DEBUG:urllib3.connectionpool:http://localhost:52791 "POST /session/41b44a5610ace5aaf0bc95eec4350455/execute/sync HTTP/1.1" 200 0
DEBUG:selenium.webdriver.remote.remote_connection:Remote response: status=200 | data={"value":false} | headers=HTTPHeaderDict({'Content-Length': '15', 'Content-Type': 'application/json; charset=utf-8', 'cache-control': 'no-cache'})
DEBUG:selenium.webdriver.remote.remote_connection:Finished Request
DEBUG:selenium.webdriver.remote.remote_connection:POST http://localhost:52791/session/41b44a5610ace5aaf0bc95eec4350455/element {'using': 'css selector', 'value': 'button#load-more'}
DEBUG:urllib3.connectionpool:http://localhost:52791 "POST /session/41b44a5610ace5aaf0bc95eec4350455/element HTTP/1.1" 200 0
DEBUG:selenium.webdriver.remote.remote_connection:Remote response: status=200 | data={"value":{"element-6066-11e4-a52e-4f735466cecf":"f.4743D8E8246FB32CFE843D863034F9D7.d.E997FA675F7B6165E98C0CEC5A1CD454.e.7756"}} | headers=HTTPHeaderDict({'Content-Length': '128', 'Content-Type': 'application/json; charset=utf-8', 'cache-control': 'no-cache'})
DEBUG:selenium.webdriver.remote.remote_connection:Finished Request
DEBUG:selenium.webdriver.remote.remote_connection:POST http://localhost:52791/session/41b44a5610ace5aaf0bc95eec4350455/execute/sync {'script': '/* isDisplayed */return (function(){return (function(){var g=this||self;\nfunction aa(a){var b=typeof...', 'args': [{'element-6066-11e4-a52e-4f735466cecf': 'f.4743D8E8246FB32CFE843D863034F9D7.d.E997FA675F7B6165E98C0CEC5A1CD454.e.7756'}]}
DEBUG:urllib3.connectionpool:http://localhost:52791 "POST /session/41b44a5610ace5aaf0bc95eec4350455/execute/sync HTTP/1.1" 200 0
DEBUG:selenium.webdriver.remote.remote_connection:Remote response: status=200 | data={"value":false} | headers=HTTPHeaderDict({'Content-Length': '15', 'Content-Type': 'application/json; charset=utf-8', 'cache-control': 'no-cache'})
DEBUG:selenium.webdriver.remote.remote_connection:Finished Request
DEBUG:selenium.webdriver.remote.remote_connection:POST http://localhost:52791/session/41b44a5610ace5aaf0bc95eec4350455/element {'using': 'css selector', 'value': 'button#load-more'}
DEBUG:urllib3.connectionpool:http://localhost:52791 "POST /session/41b44a5610ace5aaf0bc95eec4350455/element HTTP/1.1" 200 0
DEBUG:selenium.webdriver.remote.remote_connection:Remote response: status=200 | data={"value":{"element-6066-11e4-a52e-4f735466cecf":"f.4743D8E8246FB32CFE843D863034F9D7.d.E997FA675F7B6165E98C0CEC5A1CD454.e.7756"}} | headers=HTTPHeaderDict({'Content-Length': '128', 'Content-Type': 'application/json; charset=utf-8', 'cache-control': 'no-cache'})
DEBUG:selenium.webdriver.remote.remote_connection:Finished Request
DEBUG:selenium.webdriver.remote.remote_connection:POST http://localhost:52791/session/41b44a5610ace5aaf0bc95eec4350455/execute/sync {'script': '/* isDisplayed */return (function(){return (function(){var g=this||self;\nfunction aa(a){var b=typeof...', 'args': [{'element-6066-11e4-a52e-4f735466cecf': 'f.4743D8E8246FB32CFE843D863034F9D7.d.E997FA675F7B6165E98C0CEC5A1CD454.e.7756'}]}
DEBUG:urllib3.connectionpool:http://localhost:52791 "POST /session/41b44a5610ace5aaf0bc95eec4350455/execute/sync HTTP/1.1" 200 0
DEBUG:selenium.webdriver.remote.remote_connection:Remote response: status=200 | data={"value":false} | headers=HTTPHeaderDict({'Content-Length': '15', 'Content-Type': 'application/json; charset=utf-8', 'cache-control': 'no-cache'})
DEBUG:selenium.webdriver.remote.remote_connection:Finished Request
DEBUG:selenium.webdriver.remote.remote_connection:POST http://localhost:52791/session/41b44a5610ace5aaf0bc95eec4350455/element {'using': 'css selector', 'value': 'button#load-more'}
DEBUG:urllib3.connectionpool:http://localhost:52791 "POST /session/41b44a5610ace5aaf0bc95eec4350455/element HTTP/1.1" 200 0
DEBUG:selenium.webdriver.remote.remote_connection:Remote response: status=200 | data={"value":{"element-6066-11e4-a52e-4f735466cecf":"f.4743D8E8246FB32CFE843D863034F9D7.d.E997FA675F7B6165E98C0CEC5A1CD454.e.7756"}} | headers=HTTPHeaderDict({'Content-Length': '128', 'Content-Type': 'application/json; charset=utf-8', 'cache-control': 'no-cache'})
DEBUG:selenium.webdriver.remote.remote_connection:Finished Request
DEBUG:selenium.webdriver.remote.remote_connection:POST http://localhost:52791/session/41b44a5610ace5aaf0bc95eec4350455/execute/sync {'script': '/* isDisplayed */return (function(){return (function(){var g=this||self;\nfunction aa(a){var b=typeof...', 'args': [{'element-6066-11e4-a52e-4f735466cecf': 'f.4743D8E8246FB32CFE843D863034F9D7.d.E997FA675F7B6165E98C0CEC5A1CD454.e.7756'}]}
DEBUG:urllib3.connectionpool:http://localhost:52791 "POST /session/41b44a5610ace5aaf0bc95eec4350455/execute/sync HTTP/1.1" 200 0
DEBUG:selenium.webdriver.remote.remote_connection:Remote response: status=200 | data={"value":false} | headers=HTTPHeaderDict({'Content-Length': '15', 'Content-Type': 'application/json; charset=utf-8', 'cache-control': 'no-cache'})
DEBUG:selenium.webdriver.remote.remote_connection:Finished Request
DEBUG:selenium.webdriver.remote.remote_connection:POST http://localhost:52791/session/41b44a5610ace5aaf0bc95eec4350455/element {'using': 'css selector', 'value': 'button#load-more'}
DEBUG:urllib3.connectionpool:http://localhost:52791 "POST /session/41b44a5610ace5aaf0bc95eec4350455/element HTTP/1.1" 200 0
DEBUG:selenium.webdriver.remote.remote_connection:Remote response: status=200 | data={"value":{"element-6066-11e4-a52e-4f735466cecf":"f.4743D8E8246FB32CFE843D863034F9D7.d.E997FA675F7B6165E98C0CEC5A1CD454.e.7756"}} | headers=HTTPHeaderDict({'Content-Length': '128', 'Content-Type': 'application/json; charset=utf-8', 'cache-control': 'no-cache'})
DEBUG:selenium.webdriver.remote.remote_connection:Finished Request
DEBUG:selenium.webdriver.remote.remote_connection:POST http://localhost:52791/session/41b44a5610ace5aaf0bc95eec4350455/execute/sync {'script': '/* isDisplayed */return (function(){return (function(){var g=this||self;\nfunction aa(a){var b=typeof...', 'args': [{'element-6066-11e4-a52e-4f735466cecf': 'f.4743D8E8246FB32CFE843D863034F9D7.d.E997FA675F7B6165E98C0CEC5A1CD454.e.7756'}]}
DEBUG:urllib3.connectionpool:http://localhost:52791 "POST /session/41b44a5610ace5aaf0bc95eec4350455/execute/sync HTTP/1.1" 200 0
DEBUG:selenium.webdriver.remote.remote_connection:Remote response: status=200 | data={"value":false} | headers=HTTPHeaderDict({'Content-Length': '15', 'Content-Type': 'application/json; charset=utf-8', 'cache-control': 'no-cache'})
DEBUG:selenium.webdriver.remote.remote_connection:Finished Request
DEBUG:selenium.webdriver.remote.remote_connection:POST http://localhost:52791/session/41b44a5610ace5aaf0bc95eec4350455/element {'using': 'css selector', 'value': 'button#load-more'}
DEBUG:urllib3.connectionpool:http://localhost:52791 "POST /session/41b44a5610ace5aaf0bc95eec4350455/element HTTP/1.1" 200 0
DEBUG:selenium.webdriver.remote.remote_connection:Remote response: status=200 | data={"value":{"element-6066-11e4-a52e-4f735466cecf":"f.4743D8E8246FB32CFE843D863034F9D7.d.E997FA675F7B6165E98C0CEC5A1CD454.e.7756"}} | headers=HTTPHeaderDict({'Content-Length': '128', 'Content-Type': 'application/json; charset=utf-8', 'cache-control': 'no-cache'})
DEBUG:selenium.webdriver.remote.remote_connection:Finished Request
DEBUG:selenium.webdriver.remote.remote_connection:POST http://localhost:52791/session/41b44a5610ace5aaf0bc95eec4350455/execute/sync {'script': '/* isDisplayed */return (function(){return (function(){var g=this||self;\nfunction aa(a){var b=typeof...', 'args': [{'element-6066-11e4-a52e-4f735466cecf': 'f.4743D8E8246FB32CFE843D863034F9D7.d.E997FA675F7B6165E98C0CEC5A1CD454.e.7756'}]}
DEBUG:urllib3.connectionpool:http://localhost:52791 "POST /session/41b44a5610ace5aaf0bc95eec4350455/execute/sync HTTP/1.1" 200 0
DEBUG:selenium.webdriver.remote.remote_connection:Remote response: status=200 | data={"value":false} | headers=HTTPHeaderDict({'Content-Length': '15', 'Content-Type': 'application/json; charset=utf-8', 'cache-control': 'no-cache'})
DEBUG:selenium.webdriver.remote.remote_connection:Finished Request
DEBUG:selenium.webdriver.remote.remote_connection:POST http://localhost:52791/session/41b44a5610ace5aaf0bc95eec4350455/element {'using': 'css selector', 'value': 'button#load-more'}
DEBUG:urllib3.connectionpool:http://localhost:52791 "POST /session/41b44a5610ace5aaf0bc95eec4350455/element HTTP/1.1" 200 0
DEBUG:selenium.webdriver.remote.remote_connection:Remote response: status=200 | data={"value":{"element-6066-11e4-a52e-4f735466cecf":"f.4743D8E8246FB32CFE843D863034F9D7.d.E997FA675F7B6165E98C0CEC5A1CD454.e.7756"}} | headers=HTTPHeaderDict({'Content-Length': '128', 'Content-Type': 'application/json; charset=utf-8', 'cache-control': 'no-cache'})
DEBUG:selenium.webdriver.remote.remote_connection:Finished Request
DEBUG:selenium.webdriver.remote.remote_connection:POST http://localhost:52791/session/41b44a5610ace5aaf0bc95eec4350455/execute/sync {'script': '/* isDisplayed */return (function(){return (function(){var g=this||self;\nfunction aa(a){var b=typeof...', 'args': [{'element-6066-11e4-a52e-4f735466cecf': 'f.4743D8E8246FB32CFE843D863034F9D7.d.E997FA675F7B6165E98C0CEC5A1CD454.e.7756'}]}
DEBUG:urllib3.connectionpool:http://localhost:52791 "POST /session/41b44a5610ace5aaf0bc95eec4350455/execute/sync HTTP/1.1" 200 0
DEBUG:selenium.webdriver.remote.remote_connection:Remote response: status=200 | data={"value":false} | headers=HTTPHeaderDict({'Content-Length': '15', 'Content-Type': 'application/json; charset=utf-8', 'cache-control': 'no-cache'})
DEBUG:selenium.webdriver.remote.remote_connection:Finished Request
DEBUG:selenium.webdriver.remote.remote_connection:POST http://localhost:52791/session/41b44a5610ace5aaf0bc95eec4350455/element {'using': 'css selector', 'value': 'button#load-more'}
DEBUG:urllib3.connectionpool:http://localhost:52791 "POST /session/41b44a5610ace5aaf0bc95eec4350455/element HTTP/1.1" 200 0
DEBUG:selenium.webdriver.remote.remote_connection:Remote response: status=200 | data={"value":{"element-6066-11e4-a52e-4f735466cecf":"f.4743D8E8246FB32CFE843D863034F9D7.d.E997FA675F7B6165E98C0CEC5A1CD454.e.7756"}} | headers=HTTPHeaderDict({'Content-Length': '128', 'Content-Type': 'application/json; charset=utf-8', 'cache-control': 'no-cache'})
DEBUG:selenium.webdriver.remote.remote_connection:Finished Request
DEBUG:selenium.webdriver.remote.remote_connection:POST http://localhost:52791/session/41b44a5610ace5aaf0bc95eec4350455/execute/sync {'script': '/* isDisplayed */return (function(){return (function(){var g=this||self;\nfunction aa(a){var b=typeof...', 'args': [{'element-6066-11e4-a52e-4f735466cecf': 'f.4743D8E8246FB32CFE843D863034F9D7.d.E997FA675F7B6165E98C0CEC5A1CD454.e.7756'}]}
DEBUG:urllib3.connectionpool:http://localhost:52791 "POST /session/41b44a5610ace5aaf0bc95eec4350455/execute/sync HTTP/1.1" 200 0
DEBUG:selenium.webdriver.remote.remote_connection:Remote response: status=200 | data={"value":false} | headers=HTTPHeaderDict({'Content-Length': '15', 'Content-Type': 'application/json; charset=utf-8', 'cache-control': 'no-cache'})
DEBUG:selenium.webdriver.remote.remote_connection:Finished Request
